"name","x","y","category","color","detailType"
"Airspur","6082","3271","City","#FF0000","0"
"Akanax","6217","3649","City","#FF0000","0"
"Alaghôn","5479","3093","City","#FF0000","0"
"Almraiven","3719","4529","City","#FF0000","0"
"Amah","5209","3487","City","#FF0000","0"
"Amruthar","7233","2899","City","#FF0000","0"
"Ankhapur","4561","4266","City","#FF0000","0"
"Arabel","4294","2253","City","#FF0000","0"
"Arrabar","5106","3658","City","#FF0000","0"
"Athkatla","2756","3034","City","#FF0000","0"
"Baldur's Gate","2722","2347","City","#FF0000","0"
"Berdusk","3403","2518","City","#FF0000","0"
"Bezantur","7248","3117","City","#FF0000","0"
"Bildoobaris","7074","1656","City","#FF0000","0"
"Calimport","2991","4339","City","#FF0000","0"
"Caer Calidyrr","1689","2051","City","#FF0000","0"
"Caer Corwell","1517","2500","City","#FF0000","0"
"Caer Westphal","1750","2526","City","#FF0000","0"
"Calaunt","5488","2058","City","#FF0000","0"
"Cedarspoke","4931","2902","City","#FF0000","0"
"Cimbar","6254","3364","City","#FF0000","0"
"City of the Werecrocodiles","6403","3591","City","#FF0000","0"
"Colletro","5862","3514","City","#FF0000","0"
"Crimmor","2909","3013","City","#FF0000","0"
"Cutrock","6363","1513","City","#FF0000","0"
"Daerlun","4569","2469","City","#FF0000","0"
"Darmshall","5791","1390","City","#FF0000","0"
"Darromar","3358","3863","City","#FF0000","0"
"Delthuntle","6241","2987","City","#FF0000","0"
"Derlusk","4846","4542","City","#FF0000","0"
"Dilpur","6208","2354","City","#FF0000","0"
"Djerad Thymar","6875","4072","City","#FF0000","0"
"Duhlnarim","4322","3761","City","#FF0000","0"
"Eartheart","6308","5434","City","#FF0000","0"
"Eshpurta","3582","3026","City","#FF0000","0"
"Elbulder","5445","3941","City","#FF0000","0"
"Elturel","3139","2267","City","#FF0000","0"
"Eltabbar","7452","2715","City","#FF0000","0"
"Erebos","6407","3351","City","#FF0000","0"
"Escalant","6872","3122","City","#FF0000","0"
"Esmeltaran","3225","3141","City","#FF0000","0"
"Evereska","3697","1649","City","#FF0000","0"
"Everlund","2917","597","City","#FF0000","0"
"Elversult","4089","2659","City","#FF0000","0"
"Furthinghome","6501","2719","City","#FF0000","0"
"Gheldaneth","7327","4033","City","#FF0000","0"
"Goliad","6004","1419","City","#FF0000","0"
"Hardcastle","6312","4560","City","#FF0000","0"
"Helgabal","6054","1605","City","#FF0000","0"
"Hilbrand","6623","3063","City","#FF0000","0"
"Hillsfar","5198","1701","City","#FF0000","0"
"Hlammach","6053","2369","City","#FF0000","0"
"Hlondeth","5026","3503","City","#FF0000","0"
"Hulburg","5542","1492","City","#FF0000","0"
"Immilmar","7288","1833","City","#FF0000","0"
"Immurk's Hold","5386","2672","City","#FF0000","0"
"Innarlith","5365","4409","City","#FF0000","0"
"Iriaebor","3646","2608","City","#FF0000","0"
"Ithmong","4186","5477","City","#FF0000","0"
"Keczulla","3355","3011","City","#FF0000","0"
"Keltar","3134","4213","City","#FF0000","0"
"Kingsbay","1644","2512","City","#FF0000","0"
"Khôltar","6142","5266","City","#FF0000","0"
"Lachom","4721","3687","City","#FF0000","0"
"Laothkund","6510","3055","City","#FF0000","0"
"Lasdur","6713","3088","City","#FF0000","0"
"Llorbauth","4217","3708","City","#FF0000","0"
"Lushpool","4317","5397","City","#FF0000","0"
"Luskan","1907","404","City","#FF0000","0"
"Luthcheq","6502","3611","City","#FF0000","0"
"Lyrabar","5914","2375","City","#FF0000","0"
"Marsember","4254","2463","City","#FF0000","0"
"Melvaunt","5308","1574","City","#FF0000","0"
"Memnon","2820","4071","City","#FF0000","0"
"Messemprar","7032","3570","City","#FF0000","0"
"Mimph","5047","3631","City","#FF0000","0"
"Mintar","4048","4272","City","#FF0000","0"
"Mirabar","2195","272","City","#FF0000","0"
"Mordulkin","6621","3476","City","#FF0000","0"
"Mourktar","7077","3469","City","#FF0000","0"
"Mulmaster","5551","1690","City","#FF0000","0"
"Murann","2761","3321","City","#FF0000","0"
"Murghyr","7973","3512","City","#FF0000","0"
"Myratma","2887","3935","City","#FF0000","0"
"Myrinjar","4297","4795","City","#FF0000","0"
"Myth Dyraalis","3641","4124","City","#FF0000","0"
"Nathlekh","4447","2953","City","#FF0000","0"
"Neldorild","7188","3927","City","#FF0000","0"
"Nethra","6339","2984","City","#FF0000","0"
"Neverwinter","1982","665","City","#FF0000","0"
"Nimpeth","4957","3617","City","#FF0000","0"
"Nleeth","5155","3494","City","#FF0000","0"
"Nonthal","5406","3134","City","#FF0000","0"
"Ordulin","5102","2254","City","#FF0000","0"
"Ormath","4530","3439","City","#FF0000","0"
"Ormpetarr","5053","3870","City","#FF0000","0"
"Ormpur","4548","5176","City","#FF0000","0"
"Orofin","4133","1777","City","#FF0000","0"
"Palischuk","5842","1185","City","#FF0000","0"
"Phsant","6815","2354","City","#FF0000","0"
"Port Kir","2836","3606","City","#FF0000","0"
"Port Nyanzaru","1997","5069","City","#FF0000","0"
"Praka","6047","1697","City","#FF0000","0"
"Procampur","5536","2370","City","#FF0000","0"
"Proskur","3931","2548","City","#FF0000","0"
"Purskul","2911","3049","City","#FF0000","0"
"Pyarados","7596","2976","City","#FF0000","0"
"Raven's Bluff","5531","2204","City","#FF0000","0"
"Ravensburg","6049","1778","City","#FF0000","0"
"Reth the Half-Ruin","5956","3285","City","#FF0000","0"
"Riatavin","3722","3415","City","#FF0000","0"
"Rogarsheim","1292","2041","City","#FF0000","0"
"Rulovar","6606","3339","City","#FF0000","0"
"Saerloon","4933","2509","City","#FF0000","0"
"Saelmur","4282","4278","City","#FF0000","0"
"Sambar","1499","4692","City","#FF0000","0"
"Sapra","5763","3142","City","#FF0000","0"
"Saradush","3771","3928","City","#FF0000","0"
"New Sarshel","6251","2264","City","#FF0000","0"
"Scornubel","3376","2314","City","#FF0000","0"
"Selgaunt","5047","2455","City","#FF0000","0"
"Sheirtalar","4541","5296","City","#FF0000","0"
"Sheirlantar","4622","5338","City","#FF0000","0"
"Shevel","7511","2040","City","#FF0000","0"
"Silverymoon","2901","491","City","#FF0000","0"
"Skuld","7279","3787","City","#FF0000","0"
"Skyclave","7304","3694","City","#FF0000","0"
"Soorenar","6330","3475","City","#FF0000","0"
"Spandeliyon","6015","2745","City","#FF0000","0"
"Sultim","7440","3333","City","#FF0000","0"
"Suldanessellar","3258","3617","City","#FF0000","0"
"Suldolphor","4153","4664","City","#FF0000","0"
"Suzail","4173","2453","City","#FF0000","0"
"Taskaunt","6772","3103","City","#FF0000","0"
"Tammar","6976","2306","City","#FF0000","0"
"Tantras","5480","2151","City","#FF0000","0"
"Telflamm","6432","2376","City","#FF0000","0"
"Telpir","5302","2813","City","#FF0000","0"
"Telos City","5647","1281","City","#FF0000","0"
"Telvanlu","4136","2504","City","#FF0000","0"
"Teth","6387","3067","City","#FF0000","0"
"Teziir","4330","2622","City","#FF0000","0"
"Thamor","6979","3523","City","#FF0000","0"
"Thasselen","7157","3207","City","#FF0000","0"
"Thentia","5430","1607","City","#FF0000","0"
"Torl","5575","3369","City","#FF0000","0"
"Trail's End","6073","1695","City","#FF0000","0"
"Tsurlagol","5691","2398","City","#FF0000","0"
"Tulmon","4079","4558","City","#FF0000","0"
"Tyraturos","7405","2935","City","#FF0000","0"
"Underhome","6439","5353","City","#FF0000","0"
"Unthalass","7060","3995","City","#FF0000","0"
"Urmlaspyr","4664","2567","City","#FF0000","0"
"Valls","5895","1628","City","#FF0000","0"
"Velen","2376","3288","City","#FF0000","0"
"Velprintalar","6408","2747","City","#FF0000","0"
"Volothamp","3504","4511","City","#FF0000","0"
"Waterdeep","2299","1301","City","#FF0000","0"
"Westgate","4542","2618","City","#FF0000","0"
"Wheloon","4338","2429","City","#FF0000","0"
"Xorhun","5186","3327","City","#FF0000","0"
"Yallasch","4250","4843","City","#FF0000","0"
"Yartar","2498","736","City","#FF0000","0"
"Yesehlmaar","6872","1990","City","#FF0000","0"
"Yhaunn","5228","2280","City","#FF0000","0"
"Yeshpek","3996","4497","City","#FF0000","0"
"Zazesspur","2830","3681","City","#FF0000","0"
"Zhentil Keep","5035","1581","City","#FF0000","0"
"Addas Babar","4545","1587","Town/Village","#FF8080","0"
"Aina","7257","4073","Town/Village","#FF8080","0"
"Alamontyr","5164","4538","Town/Village","#FF8080","0"
"Amnwater","3109","3017","Town/Village","#FF8080","0"
"Amphail","2304","1181","Town/Village","#FF8080","0"
"Amry","5120","2869","Town/Village","#FF8080","0"
"Anchoril","1572","4847","Town/Village","#FF8080","0"
"Ankhur","7291","3024","Town/Village","#FF8080","0"
"Archenbridge","4872","2335","Town/Village","#FF8080","0"
"Arthyn","4426","4614","Town/Village","#FF8080","0"
"Ashabenford","4912","1912","Town/Village","#FF8080","0"
"Assam","4520","3282","Town/Village","#FF8080","0"
"Azun","7336","4610","Town/Village","#FF8080","0"
"Bargewright Inn","2415","1117","Town/Village","#FF8080","0"
"Beland","7819","4624","Town/Village","#FF8080","0"
"Beldargan","4826","4725","Town/Village","#FF8080","0"
"Belizir","7429","3004","Town/Village","#FF8080","0"
"Beregost","2696","2680","Town/Village","#FF8080","0"
"Black Skull Cove","2282","3572","Town/Village","#FF8080","0"
"Blackalblade","4654","4628","Town/Village","#FF8080","0"
"Blackbarn","4528","4853","Town/Village","#FF8080","0"
"Bloutar","4767","4717","Town/Village","#FF8080","0"
"Bryn Shander","1777","166","Town/Village","#FF8080","0"
"Caer Moray","1253","2288","Town/Village","#FF8080","0"
"Carradoon","4072","3527","Town/Village","#FF8080","0"
"Chandlerscross","5250","2138","Town/Village","#FF8080","0"
"Channathgate","5609","5400","Town/Village","#FF8080","0"
"Corm Orp","3588","2194","Town/Village","#FF8080","0"
"Corsuor","4353","2578","Town/Village","#FF8080","0"
"Coryllvol","3404","3205","Town/Village","#FF8080","0"
"Dagger Falls","4690","1650","Town/Village","#FF8080","0"
"Daggerford","2480","1442","Town/Village","#FF8080","0"
"Dalath","6799","3990","Town/Village","#FF8080","0"
"Dapplegate","4447","4933","Town/Village","#FF8080","0"
"Delabbar","7359","2983","Town/Village","#FF8080","0"
"Delgora","7228","3994","Town/Village","#FF8080","0"
"Denzar","7616","2536","Town/Village","#FF8080","0"
"Dhedluk","4178","2327","Town/Village","#FF8080","0"
"Dlusk","6583","2753","Town/Village","#FF8080","0"
"Drawn Swords","3551","1998","Town/Village","#FF8080","0"
"Dunfee","6024","1909","Town/Village","#FF8080","0"
"Dungar","4316","5498","Town/Village","#FF8080","0"
"Easthaven","1813","165","Town/Village","#FF8080","0"
"Easting","3734","2627","Town/Village","#FF8080","0"
"Emrys","4678","4803","Town/Village","#FF8080","0"
"Eveningstar","4208","2268","Town/Village","#FF8080","0"
"Ezreket","7130","2916","Town/Village","#FF8080","0"
"Felshroun","4967","4565","Town/Village","#FF8080","0"
"Fort Arran","5134","3744","Town/Village","#FF8080","0"
"Freedale","4767","1809","Town/Village","#FF8080","0"
"Fugue","5815","1366","Town/Village","#FF8080","0"
"Gaj","5906","3675","Town/Village","#FF8080","0"
"Gallard","4520","4932","Town/Village","#FF8080","0"
"Gambiton","3173","3182","Town/Village","#FF8080","0"
"Glister","5455","1425","Town/Village","#FF8080","0"
"Goldspires","2753","3009","Town/Village","#FF8080","0"
"Greenest","3367","2691","Town/Village","#FF8080","0"
"Hammer and Anvil","6300","5456","Town/Village","#FF8080","0"
"Hardbuckler","3420","2102","Town/Village","#FF8080","0"
"Harrowdale Town","5371","2026","Town/Village","#FF8080","0"
"Helm's Hold","2007","683","Town/Village","#FF8080","0"
"Heptios","6581","3599","Town/Village","#FF8080","0"
"Highmoon","4812","2216","Town/Village","#FF8080","0"
"Hill's Edge","3533","2158","Town/Village","#FF8080","0"
"Hillgard","7113","4706","Town/Village","#FF8080","0"
"Hilp","4223","2399","Town/Village","#FF8080","0"
"Hlintar","5524","2106","Town/Village","#FF8080","0"
"Hluthvar","3613","2351","Town/Village","#FF8080","0"
"Hurkh","7348","2857","Town/Village","#FF8080","0"
"Ieirithymbul","2137","907","Town/Village","#FF8080","0"
"Illul","1384","4730","Town/Village","#FF8080","0"
"Ilmwatch","6352","2040","Town/Village","#FF8080","0"
"Immersea","4260","2366","Town/Village","#FF8080","0"
"Imnescar","2908","3182","Town/Village","#FF8080","0"
"Ingdal's Arm","6182","2840","Town/Village","#FF8080","0"
"Ironmaster","1673","191","Town/Village","#FF8080","0"
"Jathrin's Jump","5519","3195","Town/Village","#FF8080","0"
"Jeradin","6751","4549","Town/Village","#FF8080","0"
"Jhalhoran","7568","3917","Town/Village","#FF8080","0"
"Kaoll","7146","4119","Town/Village","#FF8080","0"
"Keluthar","7429","2607","Town/Village","#FF8080","0"
"Kielbast","6328","2156","Town/Village","#FF8080","0"
"Kinbrace","6110","1541","Town/Village","#FF8080","0"
"King's Reach","5715","2019","Town/Village","#FF8080","0"
"Kirenzia","5964","3605","Town/Village","#FF8080","0"
"Klondor","7720","4116","Town/Village","#FF8080","0"
"Kront","7118","1869","Town/Village","#FF8080","0"
"Kurth","5659","1888","Town/Village","#FF8080","0"
"Lapalgard","4342","5549","Town/Village","#FF8080","0"
"Laviguer","5916","2057","Town/Village","#FF8080","0"
"Lethgate","6453","2107","Town/Village","#FF8080","0"
"Lhazantal","4116","5575","Town/Village","#FF8080","0"
"Lheshayl","4343","3501","Town/Village","#FF8080","0"
"Lomatra","5972","3626","Town/Village","#FF8080","0"
"Longsaddle","2301","561","Town/Village","#FF8080","0"
"Lotoli","6006","3636","Town/Village","#FF8080","0"
"Loudwater","3013","1202","Town/Village","#FF8080","0"
"Luthbaern","4921","4628","Town/Village","#FF8080","0"
"Manshaka","3187","4420","Town/Village","#FF8080","0"
"Manywaters","4513","4777","Town/Village","#FF8080","0"
"Maerch","6583","3815","Town/Village","#FF8080","0"
"Maerlar","7734","3608","Town/Village","#FF8080","0"
"Maerstar","5624","2335","Town/Village","#FF8080","0"
"Mesring","6632","2804","Town/Village","#FF8080","0"
"Milvarune","6592","2640","Town/Village","#FF8080","0"
"Morovar","6034","1586","Town/Village","#FF8080","0"
"Mosstone","2860","3537","Town/Village","#FF8080","0"
"Mothur","7425","2859","Town/Village","#FF8080","0"
"Mulharahold","7961","3628","Town/Village","#FF8080","0"
"Mulptan","7532","1830","Town/Village","#FF8080","0"
"Mulsantir","7350","2198","Town/Village","#FF8080","0"
"Murbant","6995","3152","Town/Village","#FF8080","0"
"Murpeth","4477","3648","Town/Village","#FF8080","0"
"Nalufaen","4228","2504","Town/Village","#FF8080","0"
"Nashkel","2897","2874","Town/Village","#FF8080","0"
"Naupau","7724","228","Town/Village","#FF8080","0"
"Nesmé","2638","504","Town/Village","#FF8080","0"
"Nathoud","7867","1528","Town/Village","#FF8080","0"
"Nethentir","7046","2710","Town/Village","#FF8080","0"
"Nethjet","7028","2794","Town/Village","#FF8080","0"
"Nuthretos","7434","2795","Town/Village","#FF8080","0"
"Nyth","6445","2280","Town/Village","#FF8080","0"
"Oberiner's Well","5534","3160","Town/Village","#FF8080","0"
"Oeble","4646","4718","Town/Village","#FF8080","0"
"Orbech","5609","3637","Town/Village","#FF8080","0"
"Peldan's Helm","4794","1922","Town/Village","#FF8080","0"
"Peleveran","5842","4913","Town/Village","#FF8080","0"
"Peltarch","6716","1500","Town/Village","#FF8080","0"
"Phent","6628","2405","Town/Village","#FF8080","0"
"Phandalin","2136","865","Town/Village","#FF8080","0"
"Phlan","5204","1549","Town/Village","#FF8080","0"
"Portith","6043","1641","Town/Village","#FF8080","0"
"Priapurl","3906","2688","Town/Village","#FF8080","0"
"Rauthil","7730","3516","Town/Village","#FF8080","0"
"Ravilar's Cloak","5253","3117","Town/Village","#FF8080","0"
"Red Haven","6999","3874","Town/Village","#FF8080","0"
"Red Larch","2362","1011","Town/Village","#FF8080","0"
"Relkath's Foot","6378","2926","Town/Village","#FF8080","0"
"Rethmar","5311","5331","Town/Village","#FF8080","0"
"Rodanar","6023","3565","Town/Village","#FF8080","0"
"Rrinnoroth","3942","3804","Town/Village","#FF8080","0"
"Sadamzar","6856","3661","Town/Village","#FF8080","0"
"Sampranasz","7170","3859","Town/Village","#FF8080","0"
"Scardale Town","5330","2146","Town/Village","#FF8080","0"
"Scarsdeep","5280","2164","Town/Village","#FF8080","0"
"Sebben","5608","5202","Town/Village","#FF8080","0"
"Secomber","2742","1333","Town/Village","#FF8080","0"
"Sefriszar","7346","2458","Town/Village","#FF8080","0"
"Sekelmur","7486","2950","Town/Village","#FF8080","0"
"Shaarmid","5328","4836","Town/Village","#FF8080","0"
"Shadowdale Town","4738","1799","Town/Village","#FF8080","0"
"Shalane","4148","3625","Town/Village","#FF8080","0"
"Shamedar","3264","4420","Town/Village","#FF8080","0"
"Shussel","6985","3776","Town/Village","#FF8080","0"
"Skull Crag","4042","2385","Town/Village","#FF8080","0"
"Solzepar","7305","2922","Town/Village","#FF8080","0"
"Songhal","6156","2232","Town/Village","#FF8080","0"
"Soolabax","6605","3563","Town/Village","#FF8080","0"
"Ssintar","6910","3923","Town/Village","#FF8080","0"
"Sumbria","5975","3574","Town/Village","#FF8080","0"
"Surag","7519","2800","Town/Village","#FF8080","0"
"Surbroar","7499","4087","Town/Village","#FF8080","0"
"Surd","5198","2314","Town/Village","#FF8080","0"
"Surthay","7244","2290","Town/Village","#FF8080","0"
"Surkh","4485","3732","Town/Village","#FF8080","0"
"Survale Ford","3602","3779","Town/Village","#FF8080","0"
"Syrnt","4871","4684","Town/Village","#FF8080","0"
"Szul","7314","2775","Town/Village","#FF8080","0"
"Targos","1765","153","Town/Village","#FF8080","0"
"Telcharn","4933","4738","Town/Village","#FF8080","0"
"Tellerth","6188","1672","Town/Village","#FF8080","0"
"Teshburl","2630","4293","Town/Village","#FF8080","0"
"Teshwave","4888","1584","Town/Village","#FF8080","0"
"Thasunta","7467","2144","Town/Village","#FF8080","0"
"Thazrumaros","7521","2873","Town/Village","#FF8080","0"
"Thindilar","5569","2028","Town/Village","#FF8080","0"
"Thunderstone","4528","2355","Town/Village","#FF8080","0"
"Thur","4603","4594","Town/Village","#FF8080","0"
"Tibold","3961","3683","Town/Village","#FF8080","0"
"Timindar","5446","3674","Town/Village","#FF8080","0"
"Tokard","6332","1348","Town/Village","#FF8080","0"
"Toreus","6563","3404","Town/Village","#FF8080","0"
"Torsch","5760","4451","Town/Village","#FF8080","0"
"Trademeet","2931","3327","Town/Village","#FF8080","0"
"Three Swords","5933","5404","Town/Village","#FF8080","0"
"Triboar","2388","743","Town/Village","#FF8080","0"
"Tulach","6260","3740","Town/Village","#FF8080","0"
"Two Stars","7045","2265","Town/Village","#FF8080","0"
"Ulzel","7505","4160","Town/Village","#FF8080","0"
"Ulkan","4522","3738","Town/Village","#FF8080","0"
"Ulver's Lance","5241","3274","Town/Village","#FF8080","0"
"Umratharos","7440","2502","Town/Village","#FF8080","0"
"Valkur's Roar","4064","2525","Town/Village","#FF8080","0"
"Velarsburg","5341","1964","Town/Village","#FF8080","0"
"Voonlar","4869","1676","Town/Village","#FF8080","0"
"Vordric Dun","5922","2026","Town/Village","#FF8080","0"
"Waymoot","4159","2364","Town/Village","#FF8080","0"
"Whitehorn","4945","1241","Town/Village","#FF8080","0"
"Yhep","4951","4416","Town/Village","#FF8080","0"
"Ylraphon","5502","1956","Town/Village","#FF8080","0"
"Yûlash","4960","1644","Town/Village","#FF8080","0"
"Zashuma","4175","5525","Town/Village","#FF8080","0"
"Zolum","7251","2979","Town/Village","#FF8080","0"
"Zutria","5987","3553","Town/Village","#FF8080","0"
"Abbey of the Golden Sheaf","4888","1900","Town/Village","#FF8080","0"
"Accardi","4503","2583","Town/Village","#FF8080","0"
"Aelor","5256","3459","Town/Village","#FF8080","0"
"Ahruukar","6853","2500","Town/Village","#FF8080","0"
"Antlerbones","7025","1233","Town/Village","#FF8080","0"
"Aralent","4724","3566","Town/Village","#FF8080","0"
"Archtassel","4979","2243","Town/Village","#FF8080","0"
"Arn's Cove","6337","2177","Town/Village","#FF8080","0"
"Arnglar","4408","4704","Town/Village","#FF8080","0"
"Arrowmark","5005","2216","Town/Village","#FF8080","0"
"Asbravn","3605","2477","Town/Village","#FF8080","0"
"Asple","5675","3255","Town/Village","#FF8080","0"
"Auckney","1621","309","Town/Village","#FF8080","0"
"Aurilssbarg","1445","279","Town/Village","#FF8080","0"
"Baelrah","1548","4929","Town/Village","#FF8080","0"
"Balaj","6510","5297","Town/Village","#FF8080","0"
"Bambryn","5595","2127","Town/Village","#FF8080","0"
"Banathar","5341","3284","Town/Village","#FF8080","0"
"Barakmordin","3684","3946","Town/Village","#FF8080","0"
"Barrowsmorn","2827","3818","Town/Village","#FF8080","0"
"Battle's End","2831","3645","Town/Village","#FF8080","0"
"Battlerise","4453","2464","Town/Village","#FF8080","0"
"Bay Town","6225","2067","Town/Village","#FF8080","0"
"Beliard","2499","940","Town/Village","#FF8080","0"
"Berranzo","1080","633","Town/Village","#FF8080","0"
"Bezentil","6860","1886","Town/Village","#FF8080","0"
"Blackfeather Bridge","5068","2132","Town/Village","#FF8080","0"
"Blackford Crossing","1949","402","Town/Village","#FF8080","0"
"Blackhill","6700","2448","Town/Village","#FF8080","0"
"Blackstone","1628","2027","Town/Village","#FF8080","0"
"Blanaer","5617","1961","Town/Village","#FF8080","0"
"Blythe","1775","2198","Town/Village","#FF8080","0"
"Borgar's Mill","6154","1928","Town/Village","#FF8080","0"
"Bormton","2943","3290","Town/Village","#FF8080","0"
"Bowshot","2546","1547","Town/Village","#FF8080","0"
"Bowwood","5285","3170","Town/Village","#FF8080","0"
"Brannoch","1815","2510","Town/Village","#FF8080","0"
"Brightfields","6709","4740","Town/Village","#FF8080","0"
"Bristar","4761","2187","Town/Village","#FF8080","0"
"Brost","3144","3354","Town/Village","#FF8080","0"
"Brotha","5991","1620","Town/Village","#FF8080","0"
"Buldamar","7536","4550","Town/Village","#FF8080","0"
"Cairnpur","6325","1980","Town/Village","#FF8080","0"
"Calling Horns","2694","685","Town/Village","#FF8080","0"
"Carwyth Hold","6709","2005","Town/Village","#FF8080","0"
"Chalarstaukh","3153","306","Town/Village","#FF8080","0"
"Chelm's Roost","6118","3922","Town/Village","#FF8080","0"
"Claw Hollow","2893","261","Town/Village","#FF8080","0"
"Corth","6316","2773","Town/Village","#FF8080","0"
"Cromm's Hold","2458","1466","Town/Village","#FF8080","0"
"Culmaster","6477","2442","Town/Village","#FF8080","0"
"Dhast","6426","2713","Town/Village","#FF8080","0"
"Dallnothax","3513","4083","Town/Village","#FF8080","0"
"Dark Hollow","5650","2141","Town/Village","#FF8080","0"
"Darluj","1404","4807","Town/Village","#FF8080","0"
"Daroush","5345","3416","Town/Village","#FF8080","0"
"Dauntshield","5217","3156","Town/Village","#FF8080","0"
"Dawngleam","4418","2551","Town/Village","#FF8080","0"
"Dead Tree Hollow","5697","2133","Town/Village","#FF8080","0"
"Deadsnows","3385","384","Town/Village","#FF8080","0"
"Dharvil","6986","327","Town/Village","#FF8080","0"
"Doncastle","1670","2151","Town/Village","#FF8080","0"
"Doomspire","3552","534","Town/Village","#FF8080","0"
"Dragon Falls","5695","2167","Town/Village","#FF8080","0"
"Dtakkar","1433","4833","Town/Village","#FF8080","0"
"Dunbridges","4340","4683","Town/Village","#FF8080","0"
"Dungrunglung","1992","5344","Town/Village","#FF8080","0"
"Dynnatt","1481","2542","Town/Village","#FF8080","0"
"Dynnegall","1260","2314","Town/Village","#FF8080","0"
"Eagle Peak","3967","2258","Town/Village","#FF8080","0"
"Edive","3032","2955","Town/Village","#FF8080","0"
"Elmwood","5413","1732","Town/Village","#FF8080","0"
"Elupar","4637","3728","Town/Village","#FF8080","0"
"Elventree","5280","1737","Town/Village","#FF8080","0"
"Elyssyrr","1462","2503","Town/Village","#FF8080","0"
"Esford","3083","3181","Town/Village","#FF8080","0"
"Ethdale","6484","2311","Town/Village","#FF8080","0"
"Ethvale","6687","2587","Town/Village","#FF8080","0"
"Evrelthed's Hill","6555","2041","Town/Village","#FF8080","0"
"Fallentree","5672","2109","Town/Village","#FF8080","0"
"Farview","1215","2357","Town/Village","#FF8080","0"
"Feather Falls","5181","2121","Town/Village","#FF8080","0"
"Fendarl's Gate","3489","2606","Town/Village","#FF8080","0"
"Filur","6172","2294","Town/Village","#FF8080","0"
"Findar","6402","2719","Town/Village","#FF8080","0"
"Fireshear","1677","334","Town/Village","#FF8080","0"
"Friendly Arm Inn","2751","2511","Town/Village","#FF8080","0"
"Funearil","3784","5115","Town/Village","#FF8080","0"
"Gillian’s Hill","2497","1459","Town/Village","#FF8080","0"
"Glaun","4969","2186","Town/Village","#FF8080","0"
"Gnarhelm","1656","1918","Town/Village","#FF8080","0"
"Golconda","3991","3717","Town/Village","#FF8080","0"
"Golden Cove","1645","244","Town/Village","#FF8080","0"
"Goldenfields","2406","1183","Town/Village","#FF8080","0"
"Graevelwood","3539","446","Town/Village","#FF8080","0"
"Greystaad","1534","1760","Town/Village","#FF8080","0"
"Greatgaunt","3995","2463","Town/Village","#FF8080","0"
"Gref's Ferry","6498","2412","Town/Village","#FF8080","0"
"Griffon's Nest","2423","465","Town/Village","#FF8080","0"
"Grunwald","2267","401","Town/Village","#FF8080","0"
"Guidodale","6265","1912","Town/Village","#FF8080","0"
"Gullykin","3050","2659","Town/Village","#FF8080","0"
"Gundbarg","1229","654","Town/Village","#FF8080","0"
"Halendos","6453","2857","Town/Village","#FF8080","0"
"Hammerstaad","1400","1794","Town/Village","#FF8080","0"
"Hap","5158","2057","Town/Village","#FF8080","0"
"Harloch","1774","2488","Town/Village","#FF8080","0"
"Helmsdale","5986","1342","Town/Village","#FF8080","0"
"Hidden Vale","4614","2324","Town/Village","#FF8080","0"
"High Haspur","5544","2306","Town/Village","#FF8080","0"
"High Hold","2780","444","Town/Village","#FF8080","0"
"Highbank Forest","5594","2169","Town/Village","#FF8080","0"
"Highcastle","4674","2340","Town/Village","#FF8080","0"
"Hill Town","6872","2465","Town/Village","#FF8080","0"
"Hinterford","6337","1301","Town/Village","#FF8080","0"
"Hoarbridge","7027","1198","Town/Village","#FF8080","0"
"Holgerstead","1192","1384","Town/Village","#FF8080","0"
"Horsa","1707","2155","Town/Village","#FF8080","0"
"Horst","1260","2356","Town/Village","#FF8080","0"
"Huddagh","4707","2443","Town/Village","#FF8080","0"
"Hundelstone","1738","229","Town/Village","#FF8080","0"
"Ideepton ","3004","2957","Town/Village","#FF8080","0"
"Ilinvur","5300","1269","Town/Village","#FF8080","0"
"Ilyaport","4099","5499","Town/Village","#FF8080","0"
"Inkar","6697","2383","Town/Village","#FF8080","0"
"Irl","4451","4762","Town/Village","#FF8080","0"
"Ithal Pass","3725","4059","Town/Village","#FF8080","0"
"Jahaka Anchorage","1498","5485","Town/Village","#FF8080","0"
"Jalanthar","3118","541","Town/Village","#FF8080","0"
"Jiyyd","6757","1540","Town/Village","#FF8080","0"
"Julkoun","2615","1397","Town/Village","#FF8080","0"
"Kalathtyr","2776","3143","Town/Village","#FF8080","0"
"Kheldell","2233","1060","Town/Village","#FF8080","0"
"Knightswood","4226","2303","Town/Village","#FF8080","0"
"Kholmeth","4045","3330","Town/Village","#FF8080","0"
"Kagarra","5079","4104","Town/Village","#FF8080","0"
"Koart","1545","2514","Town/Village","#FF8080","0"
"Kond","5582","1298","Town/Village","#FF8080","0"
"Kork","1290","2343","Town/Village","#FF8080","0"
"Kormul","5076","5190","Town/Village","#FF8080","0"
"Kulta","4685","2402","Town/Village","#FF8080","0"
"Kurrsh","5343","4285","Town/Village","#FF8080","0"
"Kythyss","1719","2365","Town/Village","#FF8080","0"
"Kzelter","3836","4158","Town/Village","#FF8080","0"
"Lathtarl's Lantern","2516","1874","Town/Village","#FF8080","0"
"Lenchford","6216","1833","Town/Village","#FF8080","0"
"Lethtar","1390","4609","Town/Village","#FF8080","0"
"Liam's Hold","2536","1496","Town/Village","#FF8080","0"
"Llandrain","1760","2444","Town/Village","#FF8080","0"
"Llewellyn","1716","2316","Town/Village","#FF8080","0"
"Llorkh","3247","1213","Town/Village","#FF8080","0"
"Macsheehan","1605","2481","Town/Village","#FF8080","0"
"Maerduuth","6199","3788","Town/Village","#FF8080","0"
"Malauth","3202","350","Town/Village","#FF8080","0"
"Maracrath","6291","1947","Town/Village","#FF8080","0"
"Maskyr's Eye","5604","1812","Town/Village","#FF8080","0"
"Merkurn","6198","1480","Town/Village","#FF8080","0"
"Merrybell","5361","3233","Town/Village","#FF8080","0"
"Minsor Vale","2980","2987","Town/Village","#FF8080","0"
"Mishtan","7644","4253","Town/Village","#FF8080","0"
"Moonrise Hill","4771","2154","Town/Village","#FF8080","0"
"Moontassel","5044","2230","Town/Village","#FF8080","0"
"Moortown","5525","1241","Town/Village","#FF8080","0"
"Mornbryn's Shield","2500","583","Town/Village","#FF8080","0"
"Mouth o' Gargoyles","4220","2358","Town/Village","#FF8080","0"
"Mulhessen","4884","2448","Town/Village","#FF8080","0"
"Mulltown","6236","1878","Town/Village","#FF8080","0"
"Myrrdale","1593","2453","Town/Village","#FF8080","0"
"N'Jast","6927","1551","Town/Village","#FF8080","0"
"Nar-Sek Qu'istrade","6429","1547","Town/Village","#FF8080","0"
"New Moranay","5953","2349","Town/Village","#FF8080","0"
"Newbelle","6391","1342","Town/Village","#FF8080","0"
"Newfort","3254","435","Town/Village","#FF8080","0"
"Nlintar","3654","5217","Town/Village","#FF8080","0"
"Noanar's Hold","2731","727","Town/Village","#FF8080","0"
"Nobis","6679","1491","Town/Village","#FF8080","0"
"Noonym's Hold","6706","1929","Town/Village","#FF8080","0"
"Nordahaeril","2899","1040","Town/Village","#FF8080","0"
"Nun","5722","3466","Town/Village","#FF8080","0"
"Ogden","1702","2113","Town/Village","#FF8080","0"
"Old Axe","4022","2408","Town/Village","#FF8080","0"
"Olostin's Hold","2915","660","Town/Village","#FF8080","0"
"O'Malley","1589","2502","Town/Village","#FF8080","0"
"Orlbar","3135","1148","Town/Village","#FF8080","0"
"Orlthar","6455","2731","Town/Village","#FF8080","0"
"Osker","6552","2724","Town/Village","#FF8080","0"
"Oslen","6136","3861","Town/Village","#FF8080","0"
"Ostrav","5894","1505","Town/Village","#FF8080","0"
"Outentown","6207","2226","Town/Village","#FF8080","0"
"Parnast","3474","1280","Town/Village","#FF8080","0"
"Pengram","1715","2558","Town/Village","#FF8080","0"
"Pick'n Axe","6103","2271","Town/Village","#FF8080","0"
"Pontswain","1442","2535","Town/Village","#FF8080","0"
"Port Llast","1941","590","Town/Village","#FF8080","0"
"Qheldin's Mask","3448","2428","Town/Village","#FF8080","0"
"Quaervarr","2856","401","Town/Village","#FF8080","0"
"Quarrelshigh","3765","2825","Town/Village","#FF8080","0"
"Quorngar","5275","3229","Town/Village","#FF8080","0"
"Rassalantar","2283","1221","Town/Village","#FF8080","0"
"Rauvincross","3185","485","Town/Village","#FF8080","0"
"Ravenswatch","4947","1470","Town/Village","#FF8080","0"
"Red Bluffs","6120","2391","Town/Village","#FF8080","0"
"Reddansyr","4449","2693","Town/Village","#FF8080","0"
"Redwater","4578","2719","Town/Village","#FF8080","0"
"Regalia","5346","3196","Town/Village","#FF8080","0"
"Reitheillaethor","3094","826","Town/Village","#FF8080","0"
"Relgar's Ford","6263","2312","Town/Village","#FF8080","0"
"Rethgaard","1230","1174","Town/Village","#FF8080","0"
"Rivenshield","4235","3833","Town/Village","#FF8080","0"
"River's Run","5868","3610","Town/Village","#FF8080","0"
"Rivermoot","2683","433","Town/Village","#FF8080","0"
"Roaringshore","2583","2075","Town/Village","#FF8080","0"
"Rock Orchard","2816","3412","Town/Village","#FF8080","0"
"Rolene","6276","1361","Town/Village","#FF8080","0"
"Rottesheim","1569","1701","Town/Village","#FF8080","0"
"Ruathym (village)","1137","1307","Town/Village","#FF8080","0"
"Saden","6137","4038","Town/Village","#FF8080","0"
"Saerb","4786","2367","Town/Village","#FF8080","0"
"Samek","6005","1155","Town/Village","#FF8080","0"
"Samra","5421","3556","Town/Village","#FF8080","0"
"Sarbreenar","5533","2273","Town/Village","#FF8080","0"
"Seaspring","4468","2494","Town/Village","#FF8080","0"
"Seawolf","1466","1754","Town/Village","#FF8080","0"
"Selpt","4412","4920","Town/Village","#FF8080","0"
"Seminary of St. Irhvyn","3618","4543","Town/Village","#FF8080","0"
"Sendrin","5636","2045","Town/Village","#FF8080","0"
"Serpent's Cowl","3073","1905","Town/Village","#FF8080","0"
"Sevenecho","5664","2308","Town/Village","#FF8080","0"
"Shallain Freehold","4758","1742","Town/Village","#FF8080","0"
"Shannath","6849","366","Town/Village","#FF8080","0"
"Shatar","3057","2978","Town/Village","#FF8080","0"
"Smuggler's Stone","4345","2515","Town/Village","#FF8080","0"
"Snowcap","7018","1288","Town/Village","#FF8080","0"
"Snowmantle","4762","1562","Town/Village","#FF8080","0"
"Splondar","4851","4598","Town/Village","#FF8080","0"
"Solin","6404","2008","Town/Village","#FF8080","0"
"Soubar","3145","2032","Town/Village","#FF8080","0"
"Starfall Stream Pool","5146","3033","Town/Village","#FF8080","0"
"Steppenhall","6175","1568","Town/Village","#FF8080","0"
"Storaad","1332","2370","Town/Village","#FF8080","0"
"Sudrav","5929","1884","Town/Village","#FF8080","0"
"Sujjar","1532","4803","Town/Village","#FF8080","0"
"Sunderstaad","1733","1830","Town/Village","#FF8080","0"
"Sundice","7420","396","Town/Village","#FF8080","0"
"Sundrah","1540","4511","Town/Village","#FF8080","0"
"Surcross","6989","2490","Town/Village","#FF8080","0"
"Swords Pool","5728","2063","Town/Village","#FF8080","0"
"Swordslake Creek","5327","3025","Town/Village","#FF8080","0"
"Taermbold","4695","4570","Town/Village","#FF8080","0"
"Tasselheart","5042","2199","Town/Village","#FF8080","0"
"Tavilar","5556","1930","Town/Village","#FF8080","0"
"Tel Badir","4396","1823","Town/Village","#FF8080","0"
"Tempus's Tears","2899","2241","Town/Village","#FF8080","0"
"Tezir-on-the-Marsh","7156","2309","Town/Village","#FF8080","0"
"Thassalra","6567","2500","Town/Village","#FF8080","0"
"Thelnam","6316","2235","Town/Village","#FF8080","0"
"Themasulter","4339","4617","Town/Village","#FF8080","0"
"Theymarsh","4198","4692","Town/Village","#FF8080","0"
"Thimble","6340","1394","Town/Village","#FF8080","0"
"Thorndyke","1586","2425","Town/Village","#FF8080","0"
"Thort","4230","4728","Town/Village","#FF8080","0"
"Three Horns","6160","1968","Town/Village","#FF8080","0"
"Threlloch","1317","1858","Town/Village","#FF8080","0"
"Throne Rock","157","264","Town/Village","#FF8080","0"
"Thyl's Hold","6840","1921","Town/Village","#FF8080","0"
"Timbertown","6312","1890","Town/Village","#FF8080","0"
"Tinnir","7414","2148","Town/Village","#FF8080","0"
"Toaketh","2778","3385","Town/Village","#FF8080","0"
"Tomrav","5889","1876","Town/Village","#FF8080","0"
"Tornskulls","3241","310","Town/Village","#FF8080","0"
"Triel","3285","2235","Town/Village","#FF8080","0"
"Trailstone","3498","3415","Town/Village","#FF8080","0"
"Trollclaw Ford","2831","1995","Town/Village","#FF8080","0"
"Trollford","3601","3086","Town/Village","#FF8080","0"
"Trondhelm","1373","2194","Town/Village","#FF8080","0"
"Tsan","1477","4777","Town/Village","#FF8080","0"
"Tulbegh","5226","2341","Town/Village","#FF8080","0"
"Tulmene","2472","3422","Town/Village","#FF8080","0"
"The Way Inn","2562","1573","Town/Village","#FF8080","0"
"Uldfest","6760","233","Town/Village","#FF8080","0"
"Ulf of Thuger","472","588","Town/Village","#FF8080","0"
"Ulgoth's Beard","2660","2349","Town/Village","#FF8080","0"
"Uluvin","2706","1207","Town/Village","#FF8080","0"
"Uthmere","6387","2046","Town/Village","#FF8080","0"
"Urbeth","3758","5169","Town/Village","#FF8080","0"
"Urling","7523","1976","Town/Village","#FF8080","0"
"Urml","4797","3314","Town/Village","#FF8080","0"
"Urspreth","4271","4723","Town/Village","#FF8080","0"
"Urst","6253","2798","Town/Village","#FF8080","0"
"Urve","6233","2835","Town/Village","#FF8080","0"
"Uttersea","276","152","Town/Village","#FF8080","0"
"Vilkstead","600","634","Town/Village","#FF8080","0"
"Villon","5934","3868","Town/Village","#FF8080","0"
"Vine Shade","2830","3879","Town/Village","#FF8080","0"
"Viperstone","2798","3400","Town/Village","#FF8080","0"
"Waernd","4517","4613","Town/Village","#FF8080","0"
"Westbridge","2375","869","Town/Village","#FF8080","0"
"White Ford","4806","2256","Town/Village","#FF8080","0"
"White Rock","1691","2015","Town/Village","#FF8080","0"
"Winter Edge","2773","360","Town/Village","#FF8080","0"
"Withermeet","6082","1626","Town/Village","#FF8080","0"
"Womford","2439","1125","Town/Village","#FF8080","0"
"Wormtower","4391","2544","Town/Village","#FF8080","0"
"Wright's Ferry","5126","2129","Town/Village","#FF8080","0"
"Wyvernhunt","4002","2296","Town/Village","#FF8080","0"
"Yarthrain","3439","1844","Town/Village","#FF8080","0"
"Yellyark","1866","5195","Town/Village","#FF8080","0"
"Ythtym","5008","4534","Town/Village","#FF8080","0"
"Zarach","6083","1759","Town/Village","#FF8080","0"
"Adarthir","3625","3979","Castle/Fortress","#cc99ff","1"
"Araugul","3981","1986","Castle/Fortress","#cc99ff","1"
"Arnise Hold","2791","3024","Castle/Fortress","#cc99ff","1"
"Blackthorn Manor","2344","3299","Castle/Fortress","#cc99ff","1"
"Candlekeep","2636","2643","Castle/Fortress","#cc99ff","1"
"Castle Dasaajk","2864","3857","Castle/Fortress","#cc99ff","1"
"Castle Crag","4343","2190","Castle/Fortress","#cc99ff","1"
"Castle of Illusion","2718","281","Castle/Fortress","#cc99ff","1"
"Castle Perilous","5751","1151","Castle/Fortress","#cc99ff","1"
"The Citadel","7292","2691","Castle/Fortress","#cc99ff","1"
"Citadel Adbar","3346","200","Castle/Fortress","#cc99ff","1"
"Citadel Amnur","3060","2887","Castle/Fortress","#cc99ff","1"
"Citadel of Assassins","5840","1289","Castle/Fortress","#cc99ff","1"
"Citadel of Conjurers","6122","2192","Castle/Fortress","#cc99ff","1"
"Citadel Felbarr","3122","351","Castle/Fortress","#cc99ff","1"
"Citadel of the Mists","3177","638","Castle/Fortress","#cc99ff","1"
"Citadel Rashturl","3139","2922","Castle/Fortress","#cc99ff","1"
"Citadel of the Raven","4927","1487","Castle/Fortress","#cc99ff","1"
"Chur-Gathos","7728","2570","Castle/Fortress","#cc99ff","1"
"Dantalien","6628","2763","Castle/Fortress","#cc99ff","1"
"Daraqadim","2822","4010","Castle/Fortress","#cc99ff","1"
"Dark Arrow Keep","2785","125","Castle/Fortress","#cc99ff","0"
"Darkhold","3661","2230","Castle/Fortress","#cc99ff","1"
"Dirlar Keep","4552","2417","Castle/Fortress","#cc99ff","1"
"Dmir","7179","2591","Castle/Fortress","#cc99ff","1"
"Eastwatch","6436","2034","Castle/Fortress","#cc99ff","1"
"Faeressar","3163","4146","Castle/Fortress","#cc99ff","1"
"Fort Agis","2880","4056","Castle/Fortress","#cc99ff","1"
"Fort Beluarian","2067","4968","Castle/Fortress","#cc99ff","1"
"Fort Calim","3072","4021","Castle/Fortress","#cc99ff","1"
"Fort Helm","3894","2537","Castle/Fortress","#cc99ff","1"
"Fort Morninglord","3074","2297","Castle/Fortress","#cc99ff","1"
"Fort Teqlar","3109","4012","Castle/Fortress","#cc99ff","1"
"Fort Tesk","6899","2523","Castle/Fortress","#cc99ff","1"
"Fort Tufenk","2955","4070","Castle/Fortress","#cc99ff","1"
"Fortress Faithful","2795","3727","Castle/Fortress","#cc99ff","1"
"Fortress of the Half-Demon","7463","1586","Castle/Fortress","#cc99ff","1"
"Fortress of Mal","6094","2139","Castle/Fortress","#cc99ff","1"
"Frost Keep","1852","227","Castle/Fortress","#cc99ff","1"
"Gauros keep","7529","2374","Castle/Fortress","#cc99ff","1"
"Glarondar","6768","2866","Castle/Fortress","#cc99ff","1"
"Hammer Hall","3112","1464","Castle/Fortress","#cc99ff","1"
"High Horn","4073","2224","Castle/Fortress","#cc99ff","1"
"Hillfort Ishla","3194","3233","Castle/Fortress","#cc99ff","1"
"Hillfort Keshla","3595","3243","Castle/Fortress","#cc99ff","1"
"Hillfort Torbold","3433","3286","Castle/Fortress","#cc99ff","1"
"Hornshield","4045","2319","Castle/Fortress","#cc99ff","1"
"Iltarghal Keep","3577","3766","Castle/Fortress","#cc99ff","1"
"Iltakar Garrison","3021","4047","Castle/Fortress","#cc99ff","1"
"Ironfang Keep","5714","1617","Castle/Fortress","#cc99ff","1"
"Ironspur","5892","1216","Castle/Fortress","#cc99ff","1"
"Keep of Sorrows","7145","2993","Castle/Fortress","#cc99ff","1"
"Kepetur","7530","3067","Castle/Fortress","#cc99ff","1"
"Khanall","3283","4054","Castle/Fortress","#cc99ff","1"
"Kirgard","2851","3563","Castle/Fortress","#cc99ff","1"
"Maiden's Loss","5054","1632","Castle/Fortress","#cc99ff","1"
"Mavalgard","6949","1884","Castle/Fortress","#cc99ff","1"
"Mistletoe Keep","3440","3941","Castle/Fortress","#cc99ff","1"
"Mithral Hall","2692","367","Castle/Fortress","#cc99ff","1"
"Monguldarath","2491","3437","Castle/Fortress","#cc99ff","1"
"Mount Noblesse","3857","3839","Castle/Fortress","#cc99ff","1"
"Morninggold Keep","3766","3601","Castle/Fortress","#cc99ff","1"
"Moszabbar","7645","3053","Castle/Fortress","#cc99ff","1"
"Nethwatch Keep","7098","2842","Castle/Fortress","#cc99ff","1"
"Omvudurth","7546","2287","Castle/Fortress","#cc99ff","1"
"Qian Hillfort","3198","4054","Castle/Fortress","#cc99ff","1"
"Rauthum","7210","2789","Castle/Fortress","#cc99ff","1"
"Rauvinwatch Keep","2863","484","Castle/Fortress","#cc99ff","1"
"Rutawwa","3582","4129","Castle/Fortress","#cc99ff","1"
"Saharkhan","2945","3817","Castle/Fortress","#cc99ff","1"
"The Smoking Keep","7315","2530","Castle/Fortress","#cc99ff","1"
"Spinning Keep of Siri'wadjen","2817","4201","Castle/Fortress","#cc99ff","1"
"Srindin Castle","4468","1020","Castle/Fortress","#cc99ff","1"
"Swordcrag","4511","1814","Castle/Fortress","#cc99ff","1"
"Thazar Keep","7725","2901","Castle/Fortress","#cc99ff","1"
"Thornhold","2119","1076","Castle/Fortress","#cc99ff","1"
"Thossos","7088","2516","Castle/Fortress","#cc99ff","1"
"Thralgard Keep","7355","2757","Castle/Fortress","#cc99ff","1"
"Tol Arcana","3540","3664","Castle/Fortress","#cc99ff","1"
"Tordraken","2440","3258","Castle/Fortress","#cc99ff","1"
"Tower Ithfell","5914","2078","Castle/Fortress","#cc99ff","1"
"Uluran Keep","3055","3669","Castle/Fortress","#cc99ff","1"
"Umbthal","7139","2693","Castle/Fortress","#cc99ff","1"
"Undumor","6637","2740","Castle/Fortress","#cc99ff","1"
"Val-Murthag","7018","1842","Castle/Fortress","#cc99ff","1"
"Veaddakar","3704","3880","Castle/Fortress","#cc99ff","1"
"Xantharl's Keep","2260","305","Castle/Fortress","#cc99ff","1"
"Abarat's Folly","5073","1704","Ruin","#6600cc","1"
"Agatha's Lair","2226","697","Ruin","#6600cc","1"
"Anhaurz","7073","3033","Ruin","#6600cc","1"
"Ascore","3562","399","Ruin","#6600cc","1"
"Bell in the Depths","5333","1687","Ruin","#6600cc","1"
"Blaskaltar","5137","5024","Ruin","#6600cc","1"
"Bloodstone","5860","1385","Ruin","#6600cc","1"
"Bloodtower","4058","2595","Ruin","#6600cc","1"
"Brassune","5960","3190","Ruin","#6600cc","1"
"Burnt Bones Cove","2701","3350","Ruin","#6600cc","1"
"Castle Al'hanar","7374","5393","Ruin","#6600cc","1"
"Castle D'aerthe","5874","1174","Ruin","#6600cc","1"
"Castle Daggerdale","4696","1739","Ruin","#6600cc","1"
"Castle Spulzeer","3484","3446","Ruin","#6600cc","1"
"Castle Tethyr","2951","3798","Ruin","#6600cc","1"
"Citadel Rashemar","7837","2091","Ruin","#6600cc","1"
"Conyberry","2258","710","Ruin","#6600cc","1"
"Cragmyr Keep","2687","2746","Ruin","#6600cc","1"
"Dajaan","4456","3870","Ruin","#6600cc","1"
"Dalelost","4809","4360","Ruin","#6600cc","1"
"Dashadjen","2770","4156","Ruin","#6600cc","1"
"Delhumide","7531","2573","Ruin","#6600cc","1"
"Dragonspear Castle","2814","1756","Ruin","#6600cc","1"
"Dun-Tharos","6556","1867","Ruin","#6600cc","1"
"Essembra","5052","1971","Ruin","#6600cc","1"
"Firetrees","6851","4159","Ruin","#6600cc","1"
"First Necropolis of Nykkar","3102","4148","Ruin","#6600cc","1"
"Flaming Tower","4703","1606","Ruin","#6600cc","1"
"Fort Dalton","5482","1753","Ruin","#6600cc","1"
"Fort Ilbratha","3756","2873","Ruin","#6600cc","1"
"Fortress Narder","6983","2003","Ruin","#6600cc","1"
"Galath's Roost","4986","1922","Ruin","#6600cc","1"
"Gazzeth","5494","1597","Ruin","#6600cc","1"
"Gildenglade","5440","3238","Ruin","#6600cc","1"
"Glaurachyndaar","3397","573","Ruin","#6600cc","1"
"Hellgate Dell","3284","615","Ruin","#6600cc","1"
"Hilltop","3038","539","Ruin","#6600cc","1"
"Hisari","2185","5594","Ruin","#6600cc","1"
"Hlath","5728","3370","Ruin","#6600cc","1"
"Hlaungadath","3635","380","Ruin","#6600cc","1"
"Ilipur","4132","2605","Ruin","#6600cc","1"
"Iljak","5365","3568","Ruin","#6600cc","1"
"Inthar","1232","1244","Ruin","#6600cc","1"
"Iron Keep","1439","2168","Ruin","#6600cc","1"
"Ironcloak","5405","3068","Ruin","#6600cc","1"
"Ishau","2208","5518","Ruin","#6600cc","1"
"Ithalyr","2792","3767","Ruin","#6600cc","1"
"Karse","3015","834","Ruin","#6600cc","1"
"Kheldrivver","2756","1863","Ruin","#6600cc","1"
"Leilon","2073","917","Ruin","#6600cc","1"
"Lhesper","5246","4986","Ruin","#6600cc","1"
"Lhuvenhead","2997","573","Ruin","#6600cc","1"
"Lost Ajhuutal","3630","4425","Ruin","#6600cc","1"
"Lost Xandar","3097","3216","Ruin","#6600cc","1"
"Lothen of the Silver Spires","2775","784","Ruin","#6600cc","1"
"Lundeth","3877","2012","Ruin","#6600cc","1"
"Lyran's Hold","3152","1969","Ruin","#6600cc","1"
"Mbala","1764","5330","Ruin","#6600cc","1"
"Memnonnar","2812","4042","Ruin","#6600cc","1"
"Mezro","2099","5249","Ruin","#6600cc","1"
"Mhiilamniir","3154","784","Ruin","#6600cc","1"
"Mintas Rhelgor","6760","1613","Ruin","#6600cc","1"
"Morningstar Hollows","5412","3034","Ruin","#6600cc","1"
"Mussum","5304","3615","Ruin","#6600cc","1"
"Myth Drannor","5047","1820","Ruin","#6600cc","1"
"Myth Lharast","3249","3064","Ruin","#6600cc","1"
"Myth Ondath","4818","1110","Ruin","#6600cc","1"
"Nangalore","2029","5494","Ruin","#6600cc","1"
"Nykkar (City of Sorrow)","3383","4136","Ruin","#6600cc","1"
"Old Owl Well","2294","758","Ruin","#6600cc","1"
"Old Peltrach","6767","1443","Ruin","#6600cc","1"
"Oreme","3782","1225","Ruin","#6600cc","1"
"Orlsfall","3217","2939","Ruin","#6600cc","1"
"Orogoth","3070","1545","Ruin","#6600cc","1"
"Orolunga","1647","5317","Ruin","#6600cc","1"
"Port Castigliar","2142","5200","Ruin","#6600cc","1"
"Praskallest","3914","3918","Ruin","#6600cc","1"
"Pros","4179","2631","Ruin","#6600cc","1"
"Purple Spire","7789","4859","Ruin","#6600cc","1"
"Rasilith","4017","1910","Ruin","#6600cc","1"
"Ring of Gray Flames","7782","1797","Ruin","#6600cc","1"
"Ruin of Ascarle","490","526","Ruin","#6600cc","1"
"Ruin of Neldertown","6815","1253","Ruin","#6600cc","1"
"Ruins of Amazandar","4241","1853","Ruin","#6600cc","1"
"Ruins of Harpshield Castle","2426","1330","Ruin","#6600cc","1"
"Saarlik","4455","3828","Ruin","#6600cc","1"
"Sekras","7223","4227","Ruin","#6600cc","1"
"Semberholme","4784","2081","Ruin","#6600cc","1"
"Sessrenglade","4709","2184","Ruin","#6600cc","1"
"Settlestone","2655","365","Ruin","#6600cc","1"
"Shamph","5414","3606","Ruin","#6600cc","1"
"Shandaular (Ashanath)","7153","1792","Ruin","#6600cc","1"
"Shandaular (Shaar)","7072","4703","Ruin","#6600cc","1"
"Shoonach","3135","4021","Ruin","#6600cc","1"
"Shade","4244","1601","Ruin","#6600cc","1"
"The Shattered Tower","4565","1139","Ruin","#6600cc","1"
"Skelem","5707","1434","Ruin","#6600cc","1"
"Spellgard","3464","1122","Ruin","#6600cc","1"
"Ss'thar'tiss'ssun","3365","1779","Ruin","#6600cc","1"
"St. Faelar's Cloisters","3337","4117","Ruin","#6600cc","1"
"Starmantle","4781","2816","Ruin","#6600cc","1"
"Sulasspryn","5657","1458","Ruin","#6600cc","1"
"Sundabar","3195","451","Ruin","#6600cc","1"
"Tangled Trees","5134","1939","Ruin","#6600cc","1"
"Teshyll","2887","4188","Ruin","#6600cc","1"
"Tilverton","4548","2043","Ruin","#6600cc","1"
"Thundertree","2064","662","Ruin","#6600cc","1"
"Thrynnar's Hold","3565","3804","Ruin","#6600cc","1"
"Tower Hlithal","4237","1830","Ruin","#6600cc","1"
"Tower Ramanath","4365","1897","Ruin","#6600cc","1"
"Towers of Smoke","7758","1479","Ruin","#6600cc","1"
"Old Vaelen","7977","5373","Ruin","#6600cc","1"
"Vaerluth","3316","330","Ruin","#6600cc","1"
"Vorpal Tower","3443","4047","Ruin","#6600cc","1"
"Well of Dragons","3775","2052","Ruin","#6600cc","1"
"The White Crag","4730","1728","Ruin","#6600cc","1"
"Zelbross","2887","1269","Ruin","#6600cc","1"
"Belfry of Battle","6065","2158","Tower","#9999ff","1"
"Clymph Tower","6857","1840","Tower","#9999ff","1"
"Dalton's Lightouse","5469","1728","Tower","#9999ff","1"
"Drakelight","6551","3314","Tower","#9999ff","1"
"Durlag's Tower","3019","2674","Tower","#9999ff","1"
"Fang Light","6390","2695","Tower","#9999ff","1"
"Hawk's Nest","3009","458","Tower","#9999ff","1"
"Iniarv's Tower","2174","980","Tower","#9999ff","1"
"Irphong Sea Tower","2241","3150","Tower","#9999ff","1"
"Lone Tower","5059","1543","Tower","#9999ff","1"
"The Lonely Tower","2984","226","Tower","#9999ff","1"
"Mad Mab's Tower","2620","1576","Tower","#9999ff","1"
"Magis Tor","3529","4014","Tower","#9999ff","1"
"Nemessor Sea Tower","2303","3574","Tower","#9999ff","1"
"Nighthawk Tower","6944","1769","Tower","#9999ff","1"
"Nine Stars Tower","3587","3593","Tower","#9999ff","1"
"Orgoth's Tower","3794","3416","Tower","#9999ff","1"
"Stormkeep","3428","957","Tower","#9999ff","1"
"Telkoun's Tower","3263","545","Tower","#9999ff","1"
"Tower of Lamentation","6286","2063","Tower","#9999ff","1"
"Tower Threespires","6942","1837","Tower","#9999ff","1"
"Twin Towers of the Eternal Eclipse (w)","2908","3233","Tower","#9999ff","1"
"Twin Towers of the Eternal Eclipse (e)","2932","3231","Tower","#9999ff","1"
"Xonthal's Tower","3322","1437","Tower","#9999ff","1"
"Abbey of the Just Hammer","5012","2131","Site/Dungeon","#3C3CFF","1"
"Aencar's Manor","5085","1983","Site/Dungeon","#3C3CFF","1"
"Aghazstamn's Lair","4556","1795","Site/Dungeon","#3C3CFF","1"
"Allyn's Anvil","3872","4284","Site/Dungeon","#3C3CFF","1"
"Azure Falls","3866","4464","Site/Dungeon","#3C3CFF","1"
"Anathar's Dell","4661","1802","Site/Dungeon","#3C3CFF","1"
"Bhaerlith","4121","1499","Site/Dungeon","#3C3CFF","1"
"Barrowfield","4811","1946","Site/Dungeon","#3C3CFF","1"
"The Battlescarred Bard","2887","3138","Site/Dungeon","#3C3CFF","1"
"Beorunna's Well","3045","209","Site/Dungeon","#3C3CFF","1"
"Berun's Hill","2321","662","Site/Dungeon","#3C3CFF","1"
"Bitter Well","4384","1748","Site/Dungeon","#3C3CFF","1"
"Bottle Falls","3441","4127","Site/Dungeon","#3C3CFF","1"
"Cairn Wheel","3102","3397","Site/Dungeon","#3C3CFF","1"
"Calimban Knoll","2843","4097","Site/Dungeon","#3C3CFF","1"
"Canaith","2836","3772","Site/Dungeon","#3C3CFF","1"
"Carlsmere","2386","3387","Site/Dungeon","#3C3CFF","1"
"Carnath Roadhouse","2151","1010","Site/Dungeon","#3C3CFF","1"
"Colored Waters","4404","1605","Site/Dungeon","#3C3CFF","1"
"Dancing Falls","2855","757","Site/Dungeon","#3C3CFF","1"
"The Dancing Place","4714","2330","Site/Dungeon","#3C3CFF","1"
"Dead Horse Ford","2682","716","Site/Dungeon","#3C3CFF","1"
"Deadstone Cleft","3324","1046","Site/Dungeon","#3C3CFF","1"
"Delhalls","5437","1264","Site/Dungeon","#3C3CFF","1"
"Duskwood Dell","3607","2973","Site/Dungeon","#3C3CFF","1"
"The Eight's Tree","3355","3554","Site/Dungeon","#3C3CFF","1"
"El Ma'ra","4402","1727","Site/Dungeon","#3C3CFF","1"
"El Rahalat","4423","1673","Site/Dungeon","#3C3CFF","1"
"Elah'zad","4095","1555","Site/Dungeon","#3C3CFF","1"
"Evermelt","1920","87","Site/Dungeon","#3C3CFF","1"
"Eye of the All Father","2396","123","Site/Dungeon","#3C3CFF","1"
"The Five Lions","5151","3288","Site/Dungeon","#3C3CFF","1"
"Flame Fault","229","127","Site/Dungeon","#3C3CFF","1"
"Friary of St. Amahl","2825","4170","Site/Dungeon","#3C3CFF","1"
"Grandfather Tree","2966","703","Site/Dungeon","#3C3CFF","1"
"Grudd Haug","2538","1061","Site/Dungeon","#3C3CFF","1"
"Gulf of Storms","3701","2931","Site/Dungeon","#3C3CFF","1"
"Harvest House","3029","3139","Site/Dungeon","#3C3CFF","1"
"Heart of Ubtao","1904","5469","Site/Dungeon","#3C3CFF","1"
"Heroes' Helm","4358","1131","Site/Dungeon","#3C3CFF","1"
"Hlaunga","4209","1826","Site/Dungeon","#3C3CFF","1"
"House of St. Liwans's Blessings","2679","4152","Site/Dungeon","#3C3CFF","1"
"Huthduth","4010","2230","Site/Dungeon","#3C3CFF","1"
"Firefinger","2006","5252","Site/Dungeon","#3C3CFF","1"
"Five Spears Hold","3996","3946","Site/Dungeon","#3C3CFF","1"
"Flint Rock","2560","633","Site/Dungeon","#3C3CFF","1"
"Giants' Dance","3241","2970","Site/Dungeon","#3C3CFF","1"
"Great Barrow","6499","2000","Site/Dungeon","#3C3CFF","1"
"Growling Hill","2932","2979","Site/Dungeon","#3C3CFF","1"
"Iymrith's Lair","3625","338","Site/Dungeon","#3C3CFF","1"
"Ironfang Deep","5209","2985","Site/Dungeon","#3C3CFF","1"
"Lady's Hand Monastery","2953","540","Site/Dungeon","#3C3CFF","1"
"Land of the Dead","7684","4259","Site/Dungeon","#3C3CFF","1"
"Lion's Eye Oasis","3888","1838","Site/Dungeon","#3C3CFF","1"
"Lonely Lake Oasis","7919","4101","Site/Dungeon","#3C3CFF","1"
"Ma'atar","3941","1671","Site/Dungeon","#3C3CFF","1"
"Magar's Hill","3674","2999","Site/Dungeon","#3C3CFF","1"
"Maratimmir","2934","3958","Site/Dungeon","#3C3CFF","1"
"Mauberg's Oak","6498","2120","Site/Dungeon","#3C3CFF","1"
"Menzoberranzan","2803","335","Site/Dungeon","#3C3CFF","1"
"Mines of Mirabar","2173","221","Site/Dungeon","#3C3CFF","1"
"Mines of Tethkel","7623","2064","Site/Dungeon","#3C3CFF","1"
"Mines of Tethyamar","4580","1609","Site/Dungeon","#3C3CFF","1"
"Monastery of St. Aban","3674","4297","Site/Dungeon","#3C3CFF","1"
"Monastery of St. Domin","2840","3510","Site/Dungeon","#3C3CFF","1"
"Monastery of St. Fanal","3801","4370","Site/Dungeon","#3C3CFF","1"
"Monastery of the Yellow Rose","5863","1859","Site/Dungeon","#3C3CFF","1"
"Monument of the Ancients","4788","634","Site/Dungeon","#3C3CFF","1"
"Moon Stair","7426","4650","Site/Dungeon","#3C3CFF","1"
"Moonglade","3442","3604","Site/Dungeon","#3C3CFF","1"
"Morgur's Mound","2145","426","Site/Dungeon","#3C3CFF","1"
"Mound of the Sleepless","7909","5266","Site/Dungeon","#3C3CFF","1"
"Mountain of Skulls","2990","2902","Site/Dungeon","#3C3CFF","1"
"Mucklestones","6925","1940","Site/Dungeon","#3C3CFF","1"
"Mystics' Academy","4272","3737","Site/Dungeon","#3C3CFF","1"
"Myth Rhynn","3086","3482","Site/Dungeon","#3C3CFF","1"
"Needle's Bones","2122","5398","Site/Dungeon","#3C3CFF","1"
"Oasis of Vipers","4300","1468","Site/Dungeon","#3C3CFF","1"
"Old Oak Dell","2944","3521","Site/Dungeon","#3C3CFF","1"
"Olomaa","3851","1470","Site/Dungeon","#3C3CFF","1"
"One Stone","2938","328","Site/Dungeon","#3C3CFF","1"
"Oryndoll","4384","3311","Site/Dungeon","#3C3CFF","1"
"Point Iron","5591","1657","Site/Dungeon","#3C3CFF","1"
"Quarry of Titans","4006","942","Site/Dungeon","#3C3CFF","1"
"Raven Rock","1976","193","Site/Dungeon","#3C3CFF","1"
"Shadowtop Cathedral","2830","720","Site/Dungeon","#3C3CFF","1"
"Shargrailar's Lair","4573","2104","Site/Dungeon","#3C3CFF","1"
"Shield of the Rathgaunt Hills","5680","5273","Site/Dungeon","#3C3CFF","1"
"The Shining Falls","3080","1086","Site/Dungeon","#3C3CFF","1"
"Shining White","2480","421","Site/Dungeon","#3C3CFF","1"
"Sister of Rains","4143","1626","Site/Dungeon","#3C3CFF","1"
"Skyship's Glade","3717","4195","Site/Dungeon","#3C3CFF","1"
"Spirit Soaring","3979","3401","Site/Dungeon","#3C3CFF","1"
"St. Noradnar's Hermitage","2798","4348","Site/Dungeon","#3C3CFF","1"
"St. Saril's Priory","3162","4078","Site/Dungeon","#3C3CFF","1"
"St. Taril's Monastery","3235","4355","Site/Dungeon","#3C3CFF","1"
"St. Wytin's Hospice","3843","4311","Site/Dungeon","#3C3CFF","1"
"Standing Stone","5050","1878","Site/Dungeon","#3C3CFF","1"
"Storm Giant Aerie","3692","101","Site/Dungeon","#3C3CFF","1"
"Stone Stand","3174","575","Site/Dungeon","#3C3CFF","1"
"The Sunglade","6649","2936","Site/Dungeon","#3C3CFF","1"
"Svardborg","1486","156","Site/Dungeon","#3C3CFF","1"
"Talagbar","5822","1240","Site/Dungeon","#3C3CFF","1"
"Talltrees","2970","3501","Site/Dungeon","#3C3CFF","1"
"Tower of Twilight","2195","554","Site/Dungeon","#3C3CFF","1"
"Tresper Hall","3105","3661","Site/Dungeon","#3C3CFF","1"
"Vuerthyl","3750","1378","Site/Dungeon","#3C3CFF","1"
"The Wailing Dwarf","3736","2834","Site/Dungeon","#3C3CFF","1"
"Warlock's Crypt","2566","1848","Site/Dungeon","#3C3CFF","1"
"Well of the Chasm","4296","1704","Site/Dungeon","#3C3CFF","1"
"Well of Cloven Rock","4185","1557","Site/Dungeon","#3C3CFF","1"
"Weeping Warrior","3865","1327","Site/Dungeon","#3C3CFF","1"
"Wreck of the Golden Crown","1085","666","Site/Dungeon","#3C3CFF","1"
"Wreck of the Hvalspyd","2197","5072","Site/Dungeon","#3C3CFF","1"
"Wreck of the Narwhal","2178","5353","Site/Dungeon","#3C3CFF","1"
"Wreck of the Star Goddess","1733","5561","Site/Dungeon","#3C3CFF","1"
"Wyvern Tor","2320","788","Site/Dungeon","#3C3CFF","1"
"Yliyl","4031","1535","Site/Dungeon","#3C3CFF","1"
"Zarthul","6626","2486","Town/Village","#FF8080","0"
"The Crumbling Stair","2547","1201","Site/Dungeon","#3C3CFF","1"
"Crypts of the Deepening Moon","2418","1278","Site/Dungeon","#3C3CFF","1"
"Delimbiyran","2467","1403","Site/Dungeon","#3C3CFF","1"
"Dungeon of Death","2495","338","Site/Dungeon","#3C3CFF","1"
"Dungeon of the Hark","2927","1337","Site/Dungeon","#3C3CFF","1"
"Dungeon of the Ruins","2630","413","Site/Dungeon","#3C3CFF","1"
"Dungeon of the Shield","2427","1298","Site/Dungeon","#3C3CFF","1"
"Dungeon of Swords","3182","1722","Site/Dungeon","#3C3CFF","1"
"Endless Caverns","2870","966","Site/Dungeon","#3C3CFF","1"
"Gauntlgrym","2046","524","Site/Dungeon","#3C3CFF","1"
"Great Worm Cavern","2506","147","Site/Dungeon","#3C3CFF","1"
"Grimlight's Lair","3246","278","Site/Dungeon","#3C3CFF","1"
"Halls of the Hammer","3161","1437","Site/Dungeon","#3C3CFF","1"
"Halls of the Hunting Axe","2526","983","Site/Dungeon","#3C3CFF","1"
"Haunted Halls","4196","2235","Site/Dungeon","#3C3CFF","1"
"House of Stone","2432","1251","Site/Dungeon","#3C3CFF","1"
"Masulk's Tomb","3456","638","Site/Dungeon","#3C3CFF","1"
"The Nameless Dungeon","3209","741","Site/Dungeon","#3C3CFF","1"
"Ruins of Dekanter","3477","1381","Site/Dungeon","#3C3CFF","1"
"Secret Path to Gauntlgrym","2181","344","Site/Dungeon","#3C3CFF","1"
"Southkrypt","2272","878","Site/Dungeon","#3C3CFF","1"
"Stronghold of the Nine","2836","1087","Site/Dungeon","#3C3CFF","1"
"Taerymdoom","3414","760","Uncategorized","3C3CFF","1"
"Tomb of Chonis","4408","2408","Site/Dungeon","#3C3CFF","1"
"Tombs of Deckon Thar","3009","385","Site/Dungeon","#3C3CFF","1"
"Aglarond","6508","2851","Uncategorized","#CCCCCC","0"
"The Alaor","7261","3308","Area/Isle","#FFFFFF","0"
"Alaron","1734","2177","Area/Isle","#FFFFFF","0"
"Aleaxtis","7126","3625","Area/Isle","#FFFFFF","0"
"Altumbel","6090","2816","Uncategorized","#CCCCCC","0"
"Amn","3127","3092","Uncategorized","#CCCCCC","0"
"Arnrock","4518","4429","Area/Isle","#FFFFFF","0"
"Ashanath","7117","2130","Area/Isle","#FFFFFF","0"
"Black Ash Plain","6699","4163","Area/Isle","#FFFFFF","0"
"Blade Kingdoms","6010","3712","Area/Isle","#FFFFFF","0"
"Border Kingdoms","4567","4712","Uncategorized","#CCCCCC","0"
"Calim Desert","2981","4176","Area/Isle","#FFFFFF","0"
"Calimshan","2917","4240","Uncategorized","#CCCCCC","0"
"Chessenta","6521","3758","Uncategorized","#CCCCCC","0"
"Chondath","5555","3624","Uncategorized","#CCCCCC","0"
"Chult","1924","5340","Uncategorized","#CCCCCC","0"
"Cimarine Isles","2545","2607","Area/Isle","#FFFFFF","0"
"Cinnabar Wastes","5718","1218","Area/Isle","#FFFFFF","0"
"Cormyr","4428","2384","Uncategorized","#CCCCCC","0"
"The Dalelands","4905","2042","Uncategorized","#CCCCCC","0"
"Archendale","4836","2311","Uncategorized","#CCCCCC","0"
"Battledale","5034","2039","Uncategorized","#CCCCCC","0"
"Daggerdale","4654","1721","Uncategorized","#CCCCCC","0"
"Deepingdale","4750","2227","Uncategorized","#CCCCCC","0"
"Featherdale","5127","2093","Uncategorized","#CCCCCC","0"
"Harrowdale","5305","2009","Uncategorized","#CCCCCC","0"
"High Dale","4640","2374","Uncategorized","#CCCCCC","0"
"Mistledale","4839","1912","Uncategorized","#CCCCCC","0"
"Scardale","5293","2137","Uncategorized","#CCCCCC","0"
"Shadowdale","4861","1761","Uncategorized","#CCCCCC","0"
"Tasseldale","5011","2236","Uncategorized","#CCCCCC","0"
"Damara","6140","1487","Uncategorized","#CCCCCC","0"
"The Dawn Warrior","2415","5359","Area/Isle","#FFFFFF","0"
"Eastern Shaar","6697","5016","Area/Isle","#FFFFFF","0"
"Elturgard","3206","2402","Uncategorized","#CCCCCC","0"
"Erlkazar","4082","3782","Uncategorized","#CCCCCC","0"
"Th7e Evermoors","2709","539","Area/Isle","#FFFFFF","0"
"Fallen Lands","3452","941","Area/Isle","#FFFFFF","0"
"Fields of the Dead","3055","2133","Area/Isle","#FFFFFF","0"
"Frozen Sea","3713","825","Area/Isle","#FFFFFF","0"
"The Giant's Plain","3959","2948","Area/Isle","#FFFFFF","0"
"Great Dale","6627","1994","Uncategorized","#CCCCCC","0"
"Green Fields","3413","2808","Area/Isle","#FFFFFF","0"
"Gundarlun","1159","657","Area/Isle","#FFFFFF","0"
"The Great Vale","7605","4211","Area/Isle","#FFFFFF","0"
"Gull Rocks","550","2708","Area/Isle","#FFFFFF","0"
"Gwynneth","1549","2356","Area/Isle","#FFFFFF","0"
"High Moor","2944","1649","Area/Isle","#FFFFFF","0"
"High Moors","4179","2115","Area/Isle","#FFFFFF","0"
"Ice Peak","1470","253","Area/Isle","#FFFFFF","0"
"Icewind Dale","1699","139","Area/Isle","#FFFFFF","0"
"Ilighôn","5738","3117","Area/Isle","#FFFFFF","0"
"Impiltur","6140","2062","Uncategorized","#CCCCCC","0"
"Ixinos","5822","3205","Area/Isle","#FFFFFF","0"
"Kingdom of Many-Arrows","2715","184","Area/Isle","#FFFFFF","0"
"Korinn Archipelago","1760","1516","Area/Isle","#FFFFFF","0"
"Kultaakarr","5604","1032","Uncategorized","#CCCCCC","0"
"Lantan","1487","4584","Area/Isle","#FFFFFF","0"
"Lonely Moor","3611","1421","Area/Isle","#FFFFFF","0"
"Lone Rock","5429","2384","Area/Isle","#FFFFFF","0"
"Mintarn","2044","1876","Area/Isle","#FFFFFF","0"
"Moonshae Isles","1488","1938","Uncategorized","#CCCCCC","0"
"Moray","1230","2328","Area/Isle","#FFFFFF","0"
"Mother of Mists","1442","5061","Area/Isle","#FFFFFF","0"
"Mulhorand","7552","3808","Uncategorized","#CCCCCC","0"
"Najara","3259","1818","Uncategorized","#CCCCCC","0"
"Narfell","6658","1668","Uncategorized","#CCCCCC","0"
"The Nelanther","2068","3042","Area/Isle","#FFFFFF","0"
"Nerth","1129","1495","Area/Isle","#FFFFFF","0"
"Norheim Isles","1492","1739","Area/Isle","#FFFFFF","0"
"Norland","1232","2037","Area/Isle","#FFFFFF","0"
"Northlander Isles","1271","1338","Uncategorized","#CCCCCC","0"
"Nsi Wastes","2111","5460","Area/Isle","#FFFFFF","0"
"Nykkar, Isle of Memory","3306","4453","Area/Isle","#FFFFFF","0"
"Oman's Isle","1443","2211","Area/Isle","#FFFFFF","0"
"Orlil","1599","4695","Area/Isle","#FFFFFF","0"
"Orlumbor","2448","1752","Area/Isle","#FFFFFF","0"
"Pirate Isles","5546","2696","Area/Isle","#FFFFFF","0"
"Plain of Standing Stones","4214","1162","Area/Isle","#FFFFFF","0"
"Prespur","5231","2661","Area/Isle","#FFFFFF","0"
"Purple Rocks","533","584","Area/Isle","#FFFFFF","0"
"Rashemen","7357","2047","Uncategorized","#CCCCCC","0"
"The Ride","5090","1265","Area/Isle","#FFFFFF","0"
"Ruathym","1149","1353","Area/Isle","#FFFFFF","0"
"Ruins of Tathtar","4430","3909","Uncategorized","#CCCCCC","0"
"Sembia","5038","2381","Uncategorized","#CCCCCC","0"
"Sespech","5080","3782","Uncategorized","#CCCCCC","0"
"The Shaar","4952","5000","Area/Isle","#FFFFFF","0"
"Shining Plains","4325","3329","Area/Isle","#FFFFFF","0"
"Ship of the Gods","7088","3688","Area/Isle","#FFFFFF","0"
"Singing Rocks","2508","3985","Area/Isle","#FFFFFF","0"
"Snowdown","1744","2486","Area/Isle","#FFFFFF","0"
"Sossal","7228","330","Uncategorized","#CCCCCC","0"
"Stormwreck Isle","1976","706","Area/Isle","#FFFFFF","0"
"Toaridge-at-the-Sun's-Setting","2053","2796","Area/Isle","#FFFFFF","0"
"The Sword","3880","1714","Area/Isle","#FFFFFF","0"
"The Teeth","507","3111","Area/Isle","#FFFFFF","0"
"Tethyr","3107","3852","Uncategorized","#CCCCCC","0"
"Thar","5325","1443","Area/Isle","#FFFFFF","0"
"Tharsult","3687","5192","Area/Isle","#FFFFFF","0"
"Thay","7301","2602","Uncategorized","#CCCCCC","0"
"Thesk","6634","2438","Uncategorized","#CCCCCC","0"
"Thordentor","2334","3720","Area/Isle","#FFFFFF","0"
"Thousand Swords","6006","2862","Area/Isle","#FFFFFF","0"
"The Tortured Land","5054","1043","Area/Isle","#FFFFFF","0"
"Threskel","6799","3412","Area/Isle","#FFFFFF","0"
"Tuern","209","171","Area/Isle","#FFFFFF","0"
"Turmish","5210","3225","Uncategorized","#CCCCCC","0"
"The Tusks","2541","3557","Area/Isle","#FFFFFF","0"
"Twilight Marsh","5242","1524","Area/Isle","#FFFFFF","0"
"Unther","6900","4310","Uncategorized","#CCCCCC","0"
"Vaasa","5617","1207","Uncategorized","#CCCCCC","0"
"The Vast","5589","2079","Uncategorized","#CCCCCC","0"
"Wave Rocks","644","1781","Area/Isle","#FFFFFF","0"
"The Whale's Flukes","911","5489","Area/Isle","#FFFFFF","0"
"Whalebones","1622","1298","Area/Isle","#FFFFFF","0"
"Whamite Isles","5634","2913","Area/Isle","#FFFFFF","0"
"The Wayrock","5934","2580","Area/Isle","#FFFFFF","0"
"Wavecrest","5906","3162","Area/Isle","#FFFFFF","0"
"Adhe Wood","5724","2273","Forests","#33cc33","0"
"Ankhwood","4945","4184","Forests","#33cc33","0"
"Archwood","4899","2253","Forests","#33cc33","0"
"Ardeep Forest","2395","1287","Forests","#33cc33","0"
"Arn Forest","3505","440","Forests","#33cc33","0"
"Ashenwood","7337","1919","Forests","#33cc33","0"
"Border Forest","4760","1410","Forests","#33cc33","0"
"Brynwood","5640","2270","Forests","#33cc33","0"
"Channathwood","5493","5341","Forests","#33cc33","0"
"Chondalwood","5717","4113","Forests","#33cc33","0"
"Cloakwood","2653","2482","Forests","#33cc33","0"
"Cormanthor","5148","1835","Forests","#33cc33","0"
"Dernall Forest","1670","2114","Forests","#33cc33","0"
"Dire Wood","3037","968","Forests","#33cc33","0"
"Duskwood","5043","4628","Forests","#33cc33","0"
"Dunwood","6504","1833","Forests","#33cc33","0"
"Earthwood","5954","1838","Forests","#33cc33","0"
"Erech Forest","7360","1655","Forests","#33cc33","0"
"Far Forest","3404","705","Forests","#33cc33","0"
"Forest of Amtar","6268","5542","Forests","#33cc33","0"
"Forest of Lethyr","6700","2113","Forests","#33cc33","0"
"Forest of Mir","3569","4063","Forests","#33cc33","0"
"Forest of Tethyr (Wealdath)","3145","3560","Forests","#33cc33","0"
"Forest of Wyrms","3255","1944","Forests","#33cc33","0"
"Fogotten Forest","3492","1460","Forests","#33cc33","0"
"Frozen Forest","4953","545","Forests","#33cc33","0"
"Ganathwood","7832","3341","Forests","#33cc33","0"
"Glimmerwood","3100","166","Forests","#33cc33","0"
"Gray Forest","5847","2336","Forests","#33cc33","0"
"Gulthmere","4835","2905","Forests","#33cc33","0"
"Hermit's Wood","4305","2462","Forests","#33cc33","0"
"High Forest","2742","942","Forests","#33cc33","0"
"Hullack Forest","4524","2219","Forests","#33cc33","0"
"Jundarwood","4363","4824","Forests","#33cc33","0"
"King's Forest","4202","2338","Forests","#33cc33","0"
"Kryptgarden Forest","2301","898","Forests","#33cc33","0"
"Llyrath Forest","1435","2579","Forests","#33cc33","0"
"Lurkwood","2374","327","Forests","#33cc33","0"
"Maerchwoods","6295","3995","Forests","#33cc33","0"
"Methwood","6658","3957","Forests","#33cc33","0"
"Misty Forest","2651","1516","Forests","#33cc33","0"
"Misty Vale","4677","5512","Forests","#33cc33","0"
"Neverwinter Wood","2133","620","Forests","#33cc33","0"
"Nothdark Wood","3483","2040","Forests","#33cc33","0"
"Nunwoods","5852","3390","Forests","#33cc33","0"
"Quivering Forest","5153","1473","Forests","#33cc33","0"
"Qurth Forest","4762","4640","Forests","#33cc33","0"
"Reaching Woods","3483","2296","Forests","#33cc33","0"
"Riftwood","6823","5410","Forests","#33cc33","0"
"Shaareach Forest","5168","5410","Forests","#33cc33","0"
"Shaarwood","5687","4884","Forests","#33cc33","0"
"Sharawood (Drakewood)","7412","5075","Forests","#33cc33","0"
"Shilmista Forest","3913","3235","Forests","#33cc33","0"
"Silverwood","2862","568","Forests","#33cc33","0"
"Snakewood","3513","2960","Forests","#33cc33","0"
"Southwood","3031","1286","Forests","#33cc33","0"
"Spiderhaunt Woods","4611","1856","Forests","#33cc33","0"
"Steapwood","5563","4501","Forests","#33cc33","0"
"Stone Wood","1389","2147","Forests","#33cc33","0"
"The Neth Stand","4263","4637","Forests","#33cc33","0"
"Thornwood","4343","4018","Forests","#33cc33","0"
"Turlang's Wood","2978","671","Forests","#33cc33","0"
"Trollback Forest","2565","1769","Forests","#33cc33","0"
"Urlingwood","7479","1944","Forests","#33cc33","0"
"Velarwood","5366","1979","Forests","#33cc33","0"
"Vercy Wood","5341","1207","Forests","#33cc33","0"
"Vordrorn Forest","3471","288","Forests","#33cc33","0"
"Westwood","2262","1101","Forests","#33cc33","0"
"Weathercote Wood","3527","1265","Forests","#33cc33","0"
"Winterwood","4799","3794","Forests","#33cc33","0"
"Aerilpar Forest (Wood of Dark Trees)","7938","5235","Forests","#33cc33","0"
"Wood of Sharp Teeth (Werewoods)","3037","2486","Forests","#33cc33","0"
"Yuirwood","6489","2907","Forests","#33cc33","0"
"Adder Peaks","6022","4154","Mountainous","#FF8000","0"
"Akanapeaks","5989","3443","Mountainous","#FF8000","0"
"Alimir Mountains","3938","4536","Mountainous","#FF8000","0"
"Aphrun Mountains","5429","3318","Mountainous","#FF8000","0"
"Armridge Mountains","6830","260","Mountainous","#FF8000","0"
"Azirrhat","4434","1493","Mountainous","#FF8000","0"
"Battle of Bones","3703","1941","Mountainous","#FF8000","0"
"Cloud Peaks","2799","2934","Mountainous","#FF8000","0"
"Cloven Mountains","4552","3858","Mountainous","#FF8000","0"
"Council Hills","7134","4674","Mountainous","#FF8000","0"
"The Crags","2116","429","Mountainous","#FF8000","0"
"Dagger Hills","4703","1693","Mountainous","#FF8000","0"
"Deepwing Mountains","4616","3590","Mountainous","#FF8000","0"
"Dessarin Hills","2510","821","Mountainous","#FF8000","0"
"Desertsmouth Mountains","4441","1875","Mountainous","#FF8000","0"
"Dun Hills (Dalelands)","5000","2165","Mountainous","#FF8000","0"
"Dun Hills ((Lapaliiya)","4490","5552","Mountainous","#FF8000","0"
"Dragonjaw Mountains","6535","2602","Mountainous","#FF8000","0"
"Dragonspine Mountains","5080","1490","Mountainous","#FF8000","0"
"Dragonsword Mountains","7816","4072","Mountainous","#FF8000","0"
"Giant's Belt","7873","4781","Mountainous","#FF8000","0"
"Giant's Run Mountains","4196","2904","Mountainous","#FF8000","0"
"Giantspire Mountains","6403","1578","Mountainous","#FF8000","0"
"Glacier of the White Worm","5756","1817","Mountainous","#FF8000","0"
"Graypeak Mountains","3298","1150","Mountainous","#FF8000","0"
"Great Glacier","6299","910","Mountainous","#FF8000","0"
"Great Rift","6179","5103","Mountainous","#FF8000","0"
"Greycloak Hills","3663","1511","Mountainous","#FF8000","0"
"Earthfast Mountains","5968","2153","Mountainous","#FF8000","0"
"Earthspur Mountains","5759","1939","Mountainous","#FF8000","0"
"East Galena Mountains","5815","1433","Mountainous","#FF8000","0"
"Fairheight Range","1712","1975","Mountainous","#FF8000","0"
"Far Hills","3685","2322","Mountainous","#FF8000","0"
"Firecap Mountains","3794","52","Mountainous","#FF8000","0"
"Firesteap Mountains","5430","4513","Mountainous","#FF8000","0"
"Firward Mountains","7156","1659","Mountainous","#FF8000","0"
"Forlorn Hills","2605","1263","Mountainous","#FF8000","0"
"Frost Hills","2734","240","Mountainous","#FF8000","0"
"The High Ice","4155","393","Mountainous","#FF8000","0"
"Hills of Maerth","6283","3833","Mountainous","#FF8000","0"
"Ice Mountains","3574","247","Mountainous","#FF8000","0"
"Ice Spires","3267","70","Mountainous","#FF8000","0"
"Icerim Mountains","7560","1315","Mountainous","#FF8000","0"
"Icespire Peak","2231","817","Mountainous","#FF8000","0"
"Jotunhammer Range","1184","1993","Mountainous","#FF8000","0"
"Kelvin's Cairn","1805","119","Mountainous","#FF8000","0"
"Kuldin Peaks","3973","3770","Mountainous","#FF8000","0"
"Laughing Hollow","2553","1439","Mountainous","#FF8000","0"
"Lost Peaks","2883","761","Mountainous","#FF8000","0"
"Lugsaas Chain","5677","1141","Mountainous","#FF8000","0"
"Maerthwatch Mountains","5782","3851","Mountainous","#FF8000","0"
"Marching Mountains","3302","4132","Mountainous","#FF8000","0"
"Mistcliff Mountains","1582","5302","Mountainous","#FF8000","0"
"Nether Mountains","3339","455","Mountainous","#FF8000","0"
"Novularond","6300","587","Mountainous","#FF8000","0"
"Omlarandin Mountains","3836","3964","Mountainous","#FF8000","0"
"Orsraun Mountains","4895","3201","Mountainous","#FF8000","0"
"Purple Hills","2847","3900","Mountainous","#FF8000","0"
"Rathgaunt Hills","5543","5159","Mountainous","#FF8000","0"
"Rathgaunt Mountains","5501","5223","Mountainous","#FF8000","0"
"Reghed Glacier","2154","70","Mountainous","#FF8000","0"
"Riders to the Sky Mountains","6764","3677","Mountainous","#FF8000","0"
"Running Rocks","7433","1896","Mountainous","#FF8000","0"
"Rushing Hills","4433","3552","Mountainous","#FF8000","0"
"Scimitar Spires","4266","1663","Mountainous","#FF8000","0"
"Serpent Hills","3174","1656","Mountainous","#FF8000","0"
"The Shaeradim","3656","1632","Mountainous","#FF8000","0"
"The Small Teeth","2940","3206","Mountainous","#FF8000","0"
"Smoking Mountains","6737","4041","Mountainous","#FF8000","0"
"Snowflake Mountains","3977","3272","Mountainous","#FF8000","0"
"Spine of the World","2446","75","Mountainous","#FF8000","0"
"Starmetal Hills","2266","556","Mountainous","#FF8000","0"
"Star Mounts","2899","881","Mountainous","#FF8000","0"
"Starspire Mountains","3182","3687","Mountainous","#FF8000","0"
"The Storm Horns","4119","2225","Mountainous","#FF8000","0"
"Sumber Hills","2429","980","Mountainous","#FF8000","0"
"Sur Hills","6991","2429","Mountainous","#FF8000","0"
"Sunrise Mountains","7670","2722","Mountainous","#FF8000","0"
"Sunset Mountains","3735","2182","Mountainous","#FF8000","0"
"Surbrin Hills","2428","522","Mountainous","#FF8000","0"
"Surykyk Range","5742","1021","Mountainous","#FF8000","0"
"Sword Mountains","2216","879","Mountainous","#FF8000","0"
"The Tagorlar","4138","808","Mountainous","#FF8000","0"
"Taurax Mountains (Sunrise Mountains)","5394","174","Mountainous","#FF8000","0"
"Tejarn Hills","3406","3321","Mountainous","#FF8000","0"
"Thaymount","7252","2656","Mountainous","#FF8000","0"
"Thesk Mountains","6828","2502","Mountainous","#FF8000","0"
"Thunder Peaks","4570","2135","Mountainous","#FF8000","0"
"Titan Peaks","5453","991","Mountainous","#FF8000","0"
"Trielta Hills","3314","2103","Mountainous","#FF8000","0"
"Troll Mountains","3685","2844","Mountainous","#FF8000","0"
"The Trollclaws","2867","1973","Mountainous","#FF8000","0"
"Toadsquat Mountains","7581","5602","Mountainous","#FF8000","0"
"Trollclaw Range","1202","2287","Mountainous","#FF8000","0"
"Turnback Mountains","4784","836","Mountainous","#FF8000","0"
"Uthangol Mountains","6604","4444","Mountainous","#FF8000","0"
"Wall of Fallen Djinn","4092","1719","Mountainous","#FF8000","0"
"West Galena Mountains","5344","1307","Mountainous","#FF8000","0"
"White Peaks","4770","1154","Mountainous","#FF8000","0"
"The Wyrmbones","4671","5332","Mountainous","#FF8000","0"
"Adder swamp","6398","3652","Waters/Swamp","#58ACFA","0"
"The Akanamere","6170","3630","Waters/Swamp","#58ACFA","0"
"Alamber Sea","7253","3434","Waters/Swamp","#58ACFA","0"
"Aldani Basin","1838","5413","Waters/Swamp","#58ACFA","0"
"Ashane (Lake of Tears)","7242","1827","Waters/Swamp","#58ACFA","0"
"Azulduth (Lake of Salt)","7428","4584","Waters/Swamp","#58ACFA","0"
"Bay of Chessenta","6455","3495","Waters/Swamp","#58ACFA","0"
"Bay of Chult","1946","4952","Waters/Swamp","#58ACFA","0"
"Bloodlake","7523","5218","Waters/Swamp","#58ACFA","0"
"Bluefang Water","6201","2042","Waters/Swamp","#58ACFA","0"
"Bottomless bogs","5538","1207","Waters/Swamp","#58ACFA","0"
"Deepwash","4417","3770","Waters/Swamp","#58ACFA","0"
"Dragon Reach","5407","2278","Waters/Swamp","#58ACFA","0"
"Easting Reach","6377","2333","Waters/Swamp","#58ACFA","0"
"Evenstar Lake","5432","3092","Waters/Swamp","#58ACFA","0"
"Farsea Marshes","4057","2129","Waters/Swamp","#58ACFA","0"
"Fire Marshes","2815","1561","Waters/Swamp","#58ACFA","0"
"Flooded Forest","5546","1854","Waters/Swamp","#58ACFA","0"
"Frostfenn","1235","1991","Waters/Swamp","#58ACFA","0"
"Glaun bog","4942","2179","Waters/Swamp","#58ACFA","0"
"Glumpen swamp","5181","1405","Waters/Swamp","#58ACFA","0"
"Highstar Lake","3089","1412","Waters/Swamp","#58ACFA","0"
"Huta Lake","7092","1524","Waters/Swamp","#58ACFA","0"
"The Ice Lakes","1941","299","Waters/Swamp","#58ACFA","0"
"Icelace Lake","6747","1267","Waters/Swamp","#58ACFA","0"
"Impresk Lake","4075","3487","Waters/Swamp","#58ACFA","0"
"Lake of Dragons (Dragonmere)","4252","2543","Waters/Swamp","#58ACFA","0"
"Lake of Drifting Stars","5458","3210","Waters/Swamp","#58ACFA","0"
"Lake Esmel","3326","3160","Waters/Swamp","#58ACFA","0"
"Lake Flam","6691","2179","Waters/Swamp","#58ACFA","0"
"Lake Icemelt","5953","1873","Waters/Swamp","#58ACFA","0"
"Lake Lhespen","5195","5046","Waters/Swamp","#58ACFA","0"
"Lake of the Long Arm","4597","2816","Waters/Swamp","#58ACFA","0"
"Lake Longreach","5190","1340","Waters/Swamp","#58ACFA","0"
"Lake Mereth","6913","1435","Waters/Swamp","#58ACFA","0"
"Lake Mogador","6061","1627","Waters/Swamp","#58ACFA","0"
"Lake Muirenon","7126","1465","Waters/Swamp","#58ACFA","0"
"Lake Mulsantir","7288","2206","Waters/Swamp","#58ACFA","0"
"Lake Murthil","7110","1979","Waters/Swamp","#58ACFA","0"
"Lake Muskar","7162","1481","Waters/Swamp","#58ACFA","0"
"Lake Luo","2059","5587","Waters/Swamp","#58ACFA","0"
"Lake Sember","4766","2116","Waters/Swamp","#58ACFA","0"
"Lake of the Snake","4350","2781","Waters/Swamp","#58ACFA","0"
"Lake of Steam","4350","4430","Waters/Swamp","#58ACFA","0"
"Lake Sunder","1710","1860","Waters/Swamp","#58ACFA","0"
"Lake Thaylambar","7497","2693","Waters/Swamp","#58ACFA","0"
"Lake Tirulag","7402","2126","Waters/Swamp","#58ACFA","0"
"Lake Umber","7002","2804","Waters/Swamp","#58ACFA","0"
"Lake Weng","3018","2975","Waters/Swamp","#58ACFA","0"
"Lake Woe","3630","119","Waters/Swamp","#58ACFA","0"
"Lizard Marsh","2428","1487","Waters/Swamp","#58ACFA","0"
"Lhespenbog","5266","5112","Waters/Swamp","#58ACFA","0"
"Lashloch","4557","535","Waters/Swamp","#58ACFA","0"
"Marsh of Chelimber","3435","1536","Waters/Swamp","#58ACFA","0"
"Marshes of Tun","3876","2298","Waters/Swamp","#58ACFA","0"
"Mere of Dead Men","2096","974","Waters/Swamp","#58ACFA","0"
"Methmere","6808","3766","Waters/Swamp","#58ACFA","0"
"Mirror Lake","5403","1105","Waters/Swamp","#58ACFA","0"
"Moon Sea","5303","1646","Waters/Swamp","#58ACFA","0"
"Nagawater","5048","4022","Waters/Swamp","#58ACFA","0"
"Nebulae Pool","3268","3593","Waters/Swamp","#58ACFA","0"
"Norfen Lake","1263","1937","Waters/Swamp","#58ACFA","0"
"Old Water","6284","2131","Waters/Swamp","#58ACFA","0"
"Pool of Yeven","4958","2093","Waters/Swamp","#58ACFA","0"
"Redwater Lake","4558","2742","Waters/Swamp","#58ACFA","0"
"Riftlake","6340","5243","Waters/Swamp","#58ACFA","0"
"Sea of Dlurg","6502","2664","Waters/Swamp","#58ACFA","0"
"Sea of Fallen Stars","5827","2648","Waters/Swamp","#58ACFA","0"
"Sea of the Frozen Tears","5713","1074","Waters/Swamp","#58ACFA","0"
"Sea of Moonshae","1446","2090","Waters/Swamp","#58ACFA","0"
"Sea of Moving Ice","1556","115","Waters/Swamp","#58ACFA","0"
"Sea of Swords","2257","2300","Waters/Swamp","#58ACFA","0"
"Shalane Lake","4306","3730","Waters/Swamp","#58ACFA","0"
"Shining Sea","2872","4844","Waters/Swamp","#58ACFA","0"
"Spider Swamp","3592","4450","Waters/Swamp","#58ACFA","0"
"Stump Bog","2385","1231","Waters/Swamp","#58ACFA","0"
"Surmarsh","7191","2338","Waters/Swamp","#58ACFA","0"
"Trackless Sea","1248","3866","Waters/Swamp","#58ACFA","0"
"Umber Marshes","6882","2834","Waters/Swamp","#58ACFA","0"
"Vast Swamp","4522","2395","Waters/Swamp","#58ACFA","0"
"Vilhon Reach","5534","3428","Waters/Swamp","#58ACFA","0"
"Wetwoods","4652","3280","Waters/Swamp","#58ACFA","0"
"Wizards' Reach","6369","3203","Waters/Swamp","#58ACFA","0"
"Wyvernwater","4372","2328","Waters/Swamp","#58ACFA","0"
"Yal Tengri, The Great Ice Sea","7884","382","Waters/Swamp","#58ACFA","0"